atr,mins_open,macd_z,vol_z,implied_vol,pnl,target
0.6439214285714294,15,2.942109824404579,1.3246287913176584,0.7724446036513812,19.33,1
0.24510000000000584,115,2.968310754112383,2.3543537798637106,0.3449371527981488,-492.47,0
0.23772857142857617,116,3.2730299659347706,1.0572437619698012,0.340172331789551,34.95,1
0.23136428571428627,121,2.407770237729022,1.0518692096892965,0.31591536672952014,40.21,1
0.24343571428571562,146,1.6924965057898962,2.0597951833129424,0.25219200656347274,9.0,1
0.2036214285714298,184,-2.762166963419113,1.2253654007651569,0.22127376098156928,7.17,1
0.16469285714285928,236,2.6313686634650773,1.4589685819890068,0.1942069800952922,21.79,1
0.2041071428571501,239,2.652144497997546,2.4606478478514404,0.2430057403590569,31.74,1
0.23967142857142676,150,2.6312998352427153,1.8849727002003742,0.2985060828716692,-368.8,0
0.2293071428571421,151,2.9005916510872454,2.489507231730669,0.28879671002849533,-334.21,0
0.2235928571428555,152,2.8680641165410927,1.573368211463137,0.2887691935100816,-333.67,0
0.21789999999999818,154,2.773136261697938,2.402528759838434,0.28670442669000984,40.37,1
0.21897142857142576,155,2.7757106436450463,1.1625685667745205,0.24562065440818576,93.64,1
0.21325714285713918,156,2.681851183312929,2.2823887404854393,0.22266158587058751,28.85,1
0.21074999999999836,157,2.590861902624375,2.2945213935108417,0.21766765961362283,35.16,1
0.21934285714285043,161,1.8538488077845408,1.3385650703095293,0.2535095731650092,35.6,1
0.1602571428571419,237,1.940725277137345,2.173435829230056,0.23391325822687556,11.15,1
0.1634714285714267,238,2.2072226160297017,1.1126475118122423,0.23327511753609606,13.49,1
0.15065714285714396,241,1.6625145831499293,1.2030117594533662,0.23481475740276145,3.13,1
0.17100714285714144,260,1.7534789837455886,1.2204706480045409,0.16160685408538522,16.25,1
0.15957142857142717,261,1.9711543927724566,1.4255245328691442,0.15858238230243832,34.26,1
0.15349285714285696,262,2.3300813764224424,1.3453412888992624,0.16037017736435322,43.76,1
0.15920714285714357,264,2.6082827034131033,2.8118250054482647,0.16230253481764054,70.7,1
0.15655714285714697,266,2.342855351750744,1.0408213363905,0.16379826584512097,40.19,1
0.1569500000000009,268,2.1812885270363833,4.936028740228946,0.16221072686221735,22.01,1
0.38139285714285415,116,1.572624342759249,1.497953404782578,0.5023801980965247,-536.36,0
0.36424999999999635,117,1.6287176619598274,2.032867520817197,0.48106696351342493,-489.47,0
0.2871928571428616,145,2.1904737132013468,1.010869740073558,0.37475390888959353,48.38,1
0.28259285714286314,148,1.9199662186140058,1.5958028882006408,0.35213144345982456,44.19,1
0.3545785714285716,163,-2.7100579442475308,1.0979795938966823,0.46968962325695446,120.57,1
0.2623857142857154,216,1.5576107751686747,3.997154250170449,0.42845955580457257,138.66,1
0.2450357142857119,240,1.6463533024702424,1.5668064731173683,0.2878220567899086,35.23,1
0.5612714285714263,30,1.893369556670456,1.9522169431710361,0.7203921749446179,68.8,1
0.39405714285714616,99,1.812243889462901,4.456002022458368,0.43123224008421956,-347.61,0
0.37976428571428755,100,2.0597613606659633,1.2493611917130596,0.43312422176234056,-430.33,0
0.37432142857142836,104,2.5599184719955304,1.008089686827001,0.4273812255189058,465.81,1
0.3664642857142845,105,2.3750786276785285,2.1002195516387046,0.4275642923802267,456.44,1
0.40967857142857156,106,2.557137017167914,3.039813663366791,0.5015466211323727,251.78,1
0.42324999999999996,107,2.6274844200605596,2.51341664114352,0.5060562435005428,138.96,1
0.442771428571429,108,2.4281591413171637,2.7595658011165356,0.5176380877353141,125.69,1
0.47469999999999857,111,2.175325354328105,1.2671336496017918,0.538475857537696,92.35,1
0.49112857142856925,112,1.9701521291395871,1.014194894360256,0.5717386185147015,64.5,1
0.299592857142855,164,2.536633793746798,1.6427588449617114,0.3086562242902611,26.61,1
0.24741428571428312,186,-2.647086821724222,1.3342290728043733,0.27281465874124655,-242.06,0
0.293371428571431,233,1.5551058361571715,1.1546928860982193,0.38351959172128114,31.54,1
0.6186857142857158,15,2.596045710661035,1.207541268857868,0.6225099226704307,55.95,1
0.2480857142857157,125,-2.6382095675398354,3.109615827236497,0.33252374409189805,128.83,1
0.2543571428571454,126,-2.7954911253063863,4.106198006938001,0.32515628561764504,19.58,1
0.2646285714285739,127,-2.7526913694744377,1.372579552764431,0.32150928935022394,22.46,1
0.2760285714285727,128,-2.6772013362658442,1.4234067791196265,0.292909856302504,28.68,1
0.20370714285714492,153,1.9146938989087334,1.0383443247885589,0.2727065799118753,211.03,1
0.21514285714285922,154,1.7966801573889426,1.8455591054878522,0.27561581915798383,197.34,1
0.6109357142857103,16,2.6763150462828,1.5353286507106487,1.0445262514799765,-983.19,0
0.5052785714285741,50,1.5815483197503208,2.596000002153043,0.6768908506234877,231.18,1
0.49256428571429467,57,1.7635562673348701,1.793231714937506,0.5900271161315653,131.38,1
0.5119357142857207,58,1.9465275126766548,1.7896287661821226,0.5788572617625704,137.39,1
0.5472571428571484,59,2.0939918296186826,1.1806823510094913,0.5801816209919758,72.39,1
0.5754428571428625,60,2.2830205793372524,2.512953559423037,0.5849684647221628,15.78,1
0.5431785714285756,61,2.4932156432151324,1.687024988015114,0.5944076320907538,41.25,1
0.6010357142857187,62,2.1400816464657,2.020814625257494,0.6585743673167807,9.28,1
0.3529857142857184,123,2.174987492399136,2.763228911604787,0.45211051797709856,30.16,1
0.3342285714285741,126,2.2978903335963676,1.2031828487553071,0.44455827520905977,29.94,1
0.26013571428571375,108,1.942373696257328,1.3016177861189258,0.3206168790771993,43.86,1
0.27437857142856864,110,2.9776080364605604,2.7372720617912534,0.3217847566090567,10.45,1
0.2879714285714264,111,3.1223638087720658,2.436546399322756,0.3215422421910294,18.26,1
0.29368571428571094,112,2.9972078695371795,2.364421672071215,0.3161085329771691,18.45,1
0.21617857142857133,175,1.8870232634992634,1.6979058828266256,0.2768017084715962,17.42,1
0.17770000000000152,259,2.090951620271813,1.2385780526405055,0.2130840690224243,89.18,1
0.5577285714285755,113,1.8916841707559433,1.6769089884151374,0.5037332377441144,-903.01,0
0.3108357142857138,154,2.0173362476164534,1.8331287222696813,0.2522122895463907,23.52,1
0.3108357142857138,155,1.9892127098649799,1.4206034510713526,0.276407812702148,10.11,1
0.2951214285714282,156,1.6941356414979534,1.088409519875874,0.2780831328522117,2.84,1
0.23602857142857253,228,2.2346022862554946,1.1313749750313984,0.2810945430120024,220.48,1
0.23745714285714062,230,2.0482597847977724,1.4883016752421065,0.270384346376181,179.39,1
0.24174285714285304,231,2.0256564425714116,2.5492909027546293,0.2714365347829747,127.32,1
0.23827142857142494,232,1.992352624953207,3.096385363073977,0.27010595816543514,59.71,1
0.2641499999999967,137,2.9557819901580715,1.0463073604990476,0.3299288128049483,10.03,1
0.21961428571428193,190,2.3336127116652974,1.4909914399171966,0.2595106983463718,70.38,1
0.23394285714284788,196,1.5634326292857676,1.7139272929605989,0.2528502246480659,71.37,1
0.22872857142856567,198,1.790865514186417,2.1253322169916538,0.251457065627881,128.83,1
0.2201571428571388,199,1.8864159578567155,1.611065324804473,0.2467378993548937,130.15,1
0.21066428571428122,200,2.0380308006930266,1.475858017712169,0.23547211899838316,128.44,1
0.20402142857142483,201,2.1348406354479743,2.6367722082829874,0.21683607954314596,88.41,1
0.20822142857142417,202,2.228956940650919,2.985382740338137,0.21803742382589167,44.06,1
0.20494285714285151,203,2.228828397647479,1.2231231626366714,0.2157419357027326,46.87,1
0.19021428571428242,208,1.5817849050442268,1.6777754680726489,0.20461043819921235,21.61,1
0.17907857142856795,210,1.6035561424819076,1.4855253414443748,0.19365023789629685,30.16,1
0.18509285714285642,260,1.9650061232558245,1.4152981944529102,0.2354725204490416,39.18,1
0.23232142857142435,124,1.7179869685673443,1.8326983594617055,0.25348661512332954,42.65,1
0.12542142857142835,241,2.4151308267063842,1.3888756924171508,0.16598687930852118,16.26,1
0.1225642857142881,243,2.3150231432204444,1.1582491663828638,0.16028449318562718,20.9,1
0.13392142857143036,245,1.895325718562223,2.4474643067688593,0.14362716392031535,23.47,1
0.1447428571428568,268,1.8425296624296437,2.181467686537169,0.16734653502275165,11.46,1
0.14617142857142898,269,2.4586017792705075,2.535753109409453,0.16789319056556232,14.85,1
0.28072142857142524,58,2.2812767669335523,1.8325629915287651,0.36125024141782713,28.41,1
0.16284999999999578,186,-2.940563555158643,1.113684576354698,0.16715930677478708,66.67,1
0.17392142857142442,187,-3.120991778848714,1.5646717032449946,0.18488231183275167,16.56,1
0.17948571428571217,188,-3.009086064796988,1.346130732307218,0.1798822603582837,17.15,1
0.1373642857142881,241,1.983343591732532,2.9893972374355733,0.18879750722966032,27.51,1
0.12320000000000318,245,2.052938647676407,4.443265579480115,0.18225012646200228,15.84,1
0.38899999999999374,56,-2.5774962426554957,1.9063764033993431,0.48322940666020475,81.28,1
0.40614285714285153,57,-2.8763866885751015,2.633335902278334,0.48402162664850434,296.81,1
0.40114285714285003,58,-2.8428120496639657,1.3286084628190824,0.4839595944106624,307.16,1
0.24299999999999905,142,-2.651786054604293,1.1730551138403262,0.25075601446383033,141.05,1
0.23709999999999606,173,1.9714526798222505,4.297715578717905,0.22228495222077288,39.65,1
0.24988571428571862,193,-2.5962987447558548,1.9851256739983592,0.2925586686730592,125.32,1
0.24742142857143432,194,-2.5639874822834936,1.1375519435947687,0.29259676986223376,124.27,1
0.26600000000000534,195,-2.684781793479907,3.1797463159486323,0.30906363952780563,16.59,1
0.18652142857142248,244,1.6372987966275123,3.6868535660910986,0.27064025769184125,93.6,1
0.18080714285713587,246,2.2805526805629035,1.9111332075864413,0.2633458975886219,15.83,1
0.1710285714285687,250,1.856628047128928,1.4164600600125323,0.24194370182024763,48.81,1
0.2601285714285727,104,-2.5047495925953074,1.8808443471812755,0.33791011052104347,44.4,1
0.2780642857142815,124,1.5465007605752679,5.201361201000692,0.36119644328059086,25.71,1
0.165850000000002,241,2.205493022854582,2.1434896979025964,0.2436549348075201,41.8,1
0.15762142857142944,248,2.25533852590292,1.1630999144309924,0.22124631913703297,5.03,1
0.14539285714285402,251,1.9919086455130897,1.160268087709956,0.1855461899697306,7.49,1
0.4976071428571426,16,1.5007621644670448,1.0777204196256855,0.460331878364916,39.04,1
0.82076428571428,34,2.122330380821116,2.0415950729407855,0.9228945090320753,507.9,1
0.8461285714285671,35,2.4307766111753724,1.065279335041855,0.9316150943118261,177.08,1
0.8554142857142811,36,2.5734567260981027,1.421320107653153,0.9332382263784466,199.02,1
0.9179499999999925,38,2.4961347509795235,1.9407878402055383,0.9194779120524376,54.93,1
0.16819285714285165,216,1.9225201153638825,4.973723095800386,0.1496968435512893,60.89,1
0.16940714285714112,221,2.636963420105765,1.657753013333112,0.1523520530885766,15.7,1
0.14262857142856994,258,1.7597021267347455,2.358841135057643,0.1917771321962515,22.2,1
0.21588571428571462,91,1.8839275982358141,1.222137067952248,0.2625040029170182,44.56,1
0.1954071428571455,126,-2.68336366675789,1.151869883324158,0.21228755704319688,17.51,1
0.20123571428571754,127,-3.5283964110186323,1.1700357730379394,0.21354008322369844,7.35,1
0.13666428571428316,211,-2.777833927178813,3.3531963288434636,0.17578686609378644,17.51,1
0.13441428571428357,213,-2.7602796578129847,1.0322784812871235,0.17733774455025786,19.79,1
0.13717142857142658,214,-2.6941958901756955,2.5226604401013346,0.17713222679868112,23.05,1
0.13036428571428718,237,1.9890901191171462,1.9734095159763816,0.18522798406299978,23.63,1
0.2803071428571379,56,2.2925341466058202,1.7239637629517013,0.3130202858751294,41.56,1
0.2924642857142804,58,1.9700125213182178,2.663787014867358,0.3321860853261768,27.22,1
0.14911428571428229,165,2.153060224988114,1.0775337999860297,0.2144006918888149,66.69,1
0.1519571428571384,166,2.551117916252476,1.419484029660792,0.21504768411387667,79.45,1
0.15817857142856845,169,2.3513478384915527,1.2113147682283545,0.21290444653133428,82.54,1
0.1610285714285697,170,2.1385574890578387,1.3590703565543867,0.21261385399725727,66.17,1
0.13161428571428196,200,-3.0363616389241024,1.6605133881404959,0.16157619187445837,26.53,1
0.12474285714285875,238,2.1962428501329634,1.9312519142097109,0.1459004334159776,20.52,1
0.11760714285714512,239,2.326199515612416,1.8535114231240566,0.14605969900480928,22.48,1
0.12260714285714666,240,2.2283881883764765,2.5920288007213963,0.14684614821300196,21.06,1
0.1276500000000027,242,1.7920903126204604,1.6342400972660978,0.15285226461282922,16.94,1
0.2096928571428549,61,-2.9904720174610504,1.0010279502356592,0.24732612591400613,22.18,1
0.21204999999999682,62,-3.0598713682614176,1.5507454590332173,0.24839077668868592,26.64,1
0.1567714285714256,133,1.886037601324057,2.653122792942465,0.1641644069445474,39.21,1
0.1497642857142856,137,3.18567818505284,1.210344115142052,0.16223919777737364,5.84,1
0.13886428571428514,141,2.2845729438485063,1.9812633065499248,0.1516954828714013,7.02,1
0.17561428571428703,192,1.8778679088836512,2.2363252441956982,0.210490160685298,42.75,1
0.1810500000000031,194,2.037372065086825,3.7664138840999453,0.21462036428117107,41.15,1
0.17077857142857664,198,1.9920781938098926,1.3180610842014393,0.22216522932390045,55.93,1
0.16292142857143282,200,1.8214061572574614,3.1801838878524573,0.21006979862973527,54.44,1
0.30227142857143213,69,2.0709005099616307,1.1064632290076555,0.36163001853326493,71.64,1
0.14594999999999914,166,1.8133592253550532,1.2156620891838064,0.22717930634326344,11.38,1
0.12794999999999845,234,1.5711916290440082,1.0121311353816365,0.16474873950669808,3.32,1
0.13277142857142468,237,1.9070597346018439,1.8866918039079899,0.15864335656988154,9.57,1
0.11819999999999757,264,1.964229615990011,1.0725459475877808,0.14644086175777452,1.72,1
0.12391428571428216,265,1.6406846140063744,1.80432002911416,0.1455670581694777,8.24,1
0.48970714285714223,50,2.2917767465073546,1.0989054543785668,0.5956774026857455,16.15,1
0.1946571428571409,113,1.5711448367518142,2.4415717489059525,0.2438053595401762,31.99,1
0.18434999999999693,160,2.0682296216926916,1.1420917951138707,0.2704824967443771,13.96,1
0.16380764285714072,214,-3.065446759288284,3.2158969396844834,0.19621927367260114,81.71,1
0.185550500000001,216,-2.6036212029788097,1.5390444403404584,0.21702362283076004,142.29,1
0.12349285714285989,261,1.729774218788877,2.356341812329074,0.19936290522366065,20.3,1
0.12265714285714628,262,1.9399225654505912,3.1460140555902547,0.18925538002924577,21.26,1
0.12087142857143363,263,2.0714064278570037,1.5566563047653996,0.189114552125935,21.22,1
0.32118571428571435,73,-3.085444252631255,1.6806845211058772,0.4868096331618311,144.99,1
0.2997999999999986,74,-3.046837419306641,1.0357761592343038,0.4868762856501665,171.35,1
0.3010071428571389,77,-2.714113466685133,1.7113682131894241,0.4407895798890762,29.28,1
0.21217142857142537,117,2.9632706211106394,1.5242871244829246,0.27653900491460925,28.22,1
0.21921428571428084,118,2.765524688296996,1.1291512547334028,0.26848487850838243,24.84,1
0.19332142857142895,168,2.376131560849652,2.2954015822314835,0.32786444075923543,85.23,1
0.159878571428566,244,1.7091118021712883,4.0623147078281665,0.18430606238223574,4.66,1
0.1260428571428593,265,-2.79238656624457,1.6061327156866627,0.2035581133917344,97.33,1
0.12292142857143062,266,-2.6860979221273364,1.6960714477857683,0.20017949782236136,109.82,1
0.1669142857142865,159,1.5151215471978865,1.1988074410973166,0.2365775576483853,16.12,1
0.18300714285714395,261,2.3999189253095152,1.8184686561835401,0.2004848902245931,38.51,1
0.12957142857142603,198,3.126991994964135,3.5077885864824907,0.20857530245806233,10.89,1
0.12814285714285592,199,3.1514335003141976,1.067055050217416,0.20863391265285855,11.16,1
0.12242142857142621,200,3.011890775810506,1.2253479264818514,0.2072495487318525,12.43,1
0.1299214285714275,201,2.4048630206846777,3.2781476240624,0.2019077144363769,5.71,1
0.13318571428571196,250,1.7578973026872429,3.632024948731056,0.15930843409942158,72.95,1
0.13354285714285652,251,2.0818622051190423,1.6616776144567096,0.15820407822048765,68.33,1
0.14068571428571527,252,1.9548401807842972,2.0339364294344073,0.15977318472280044,66.23,1
0.13997142857143022,253,1.868233464371232,2.7342714570007223,0.14586942871017605,67.53,1
0.14642142857142307,260,2.0682753765244297,2.558362720914486,0.1629433669270309,6.7,1
0.13535714285713749,262,2.1894587375795576,1.2186357864172497,0.16805876550373752,6.98,1
0.2690142857142896,117,2.0113686097478745,1.4299016604483639,0.42857586807845693,-346.63,0
0.26327142857143265,123,1.8127838751428487,1.8382151902741932,0.40067965140537454,135.71,1
0.2563785714285761,127,1.9090088213029268,1.6825938279950605,0.3740756750875179,110.34,1
0.2621428571428583,132,1.8343794106436344,2.0373254825128453,0.3376125135404188,35.63,1
0.2093571428571376,171,-3.0218326228602472,1.412852692998708,0.2998618335329794,202.17,1
0.20965714285713943,236,-2.6609837136258054,1.5148102604901421,0.2566830703761462,-395.23,0
0.2099499999999941,237,-2.9005992286843703,2.452615674103247,0.26919108791213725,-320.66,0
0.20689285714285127,238,-2.877524456611567,2.240438916626337,0.2658749145396367,-319.1,0
0.20670714285713693,240,-2.6814943970401033,2.3287873601705877,0.2658709008716399,26.64,1
0.2999571428571386,53,2.6760401310560207,1.163178586579722,0.4837188244048622,-439.17,0
0.3040428571428545,56,2.6942688144878795,1.0820771684224273,0.48975165575044766,48.29,1
0.2789142857142833,59,2.472896359842158,1.0947643258901616,0.4390122970211654,142.42,1
0.2959999999999984,61,2.1350675528264187,3.456208704924296,0.4103943162528264,142.78,1
0.2992142857142852,62,1.9974985727480257,1.080968707762227,0.39126139812620697,153.42,1
0.30707142857142905,64,1.8510606232664875,1.3150266474313772,0.40103029366299014,103.16,1
0.31133571428571216,66,1.7354887628586424,1.8985692473142515,0.34906824840794415,42.47,1
0.3069714285714298,68,1.658125648025084,1.703346964735205,0.3609693221417229,34.97,1
0.16047857142857375,137,-3.120093914121253,3.071619787485857,0.22444678071105673,55.76,1
0.274164285714284,66,-2.652099486305732,1.6242717249985452,0.3130648622972843,32.32,1
0.1903214285714268,90,1.8663809823014963,2.623017902901846,0.27178665128792967,73.56,1
0.1895642857142832,153,2.416654767315702,1.6216427525306039,0.2582613464134744,116.16,1
0.19007142857142462,154,2.6670502850388846,2.254650553581633,0.25835614447764166,115.71,1
0.1868428571428536,156,2.598099721130016,1.6279033578395727,0.25818721463275457,87.08,1
0.19195714285713855,158,2.2405192741116244,2.7765537358053956,0.2534439573573447,107.76,1
0.20386428571427878,159,2.2115562931403048,1.886671554026732,0.25480536363839634,10.81,1
0.2027999999999943,160,2.197510527195646,2.2682313465201442,0.24503693051289857,17.22,1
0.11708571428571547,215,1.783235419096911,2.531316244657113,0.13112493072379905,28.85,1
0.11687857142857183,216,2.053777347384899,3.406239644026725,0.12408543121432182,28.82,1
0.12759285714285795,217,2.0539582100525187,1.7514294020556789,0.12842074122961275,21.4,1
0.2720000000000035,108,-3.0497128351075427,1.0504563491971974,0.3742221665642884,18.69,1
0.2669928571428589,109,-3.0458619128085327,1.272657653424919,0.3660832778723446,15.96,1
0.1505500000000016,228,1.6737603324628931,1.616427571836588,0.18812683816310216,-135.26,0
0.17441428571428982,234,1.661395379634692,1.535979232158637,0.20389141899011337,-142.51,0
0.17155714285714754,236,1.846347979864995,1.521137700521045,0.20350134497793154,-156.08,0
0.17905714285714883,238,2.3737386188901075,2.6036069106136304,0.20284483807532036,34.72,1
0.19287142857143635,239,2.8037403736103204,3.3147236478240703,0.21485432233095753,92.39,1
0.2025142857142908,240,3.0386789087690604,3.2094588608686725,0.22051049901094813,95.88,1
0.20867857142857613,241,2.8040104436297275,2.637768912289427,0.22223959316166408,93.38,1
0.21012142857143243,242,2.721447126828592,1.1838386329924553,0.22044768522021538,85.99,1
0.21324285714285907,243,2.721321849023821,2.274520154566312,0.21570402267575498,7.11,1
0.20574285714285775,245,2.5424206017590327,2.021145379198916,0.22185585355200585,15.58,1
0.1628142857142864,161,2.880691521496314,1.9495022194238516,0.20067487908695822,31.82,1
0.16694285714285886,166,2.043734586016862,3.329118774607577,0.19652693091946144,1.84,1
0.1182928571428578,224,1.9307007756390893,2.4894368966335123,0.14206764758596144,2.39,1
0.14700000000000354,258,-2.8305571523899413,3.34808273437428,0.16083681163967894,30.2,1
0.14917142857143112,260,-2.5916038455567576,1.2631398379694183,0.17025336838074273,22.98,1
0.19893571428571427,59,1.673532012497826,1.435976888226609,0.3017750011025413,-186.21,0
0.18865714285714677,79,2.0362177139598727,1.287944335803174,0.24251186119530235,-166.25,0
0.1936500000000052,80,2.4864207514059826,2.097419983917918,0.24085422489982172,-249.38,0
0.1954142857142886,82,2.8179420615883943,2.4319260437610097,0.23952129773626873,-200.92,0
0.2027500000000028,84,3.073798423723048,2.076501504665138,0.2737539749052342,143.74,1
0.21846428571428841,85,2.717063158204573,1.9524789953730108,0.30505853337931205,128.07,1
0.24862857142857667,87,2.3705289850573665,1.1538495189168698,0.2990404982352657,141.1,1
0.26220000000000504,88,2.3741805299900336,1.5169758366759065,0.3143408379733637,54.2,1
0.26997857142857484,89,2.3083049550104913,1.3298945698435036,0.3132760078286562,58.3,1
0.28890714285714736,91,2.2676472484797263,2.4225676722262843,0.30895423107814896,40.39,1
0.3131928571428598,92,2.0061707060929552,2.6093666437882104,0.34152691907447963,21.57,1
0.18330000000000876,161,2.5109509745610534,1.0216099073508267,0.268867807807868,-211.37,0
0.18901428571429335,162,2.97929877404196,3.788894656067485,0.2638575524344111,-175.75,0
0.19580000000000755,163,3.1577019475434542,2.4148224490811185,0.270786627686446,45.94,1
0.2096500000000065,165,2.9548200653723566,2.910843957972349,0.28710430858569425,155.01,1
0.2182285714285785,166,2.76523858326186,2.435430731705303,0.28258444606100797,155.54,1
0.25117142857143293,168,2.323662306429899,1.498226507930124,0.2895219525867232,38.8,1
0.2606357142857182,170,2.0456831620509623,1.5656655531629335,0.29744342784175215,35.23,1
0.28563571428571777,171,2.0126110350748414,2.922498331722352,0.30391821415153536,5.08,1
0.27992142857143115,172,1.8767351969398445,1.460820519704089,0.30989067444844814,15.51,1
0.2924928571428609,174,1.7117014179485144,1.3305247756861245,0.2933390501547796,14.6,1
0.28677857142857427,175,1.5577702782696277,1.1017276206799713,0.3018727130240349,8.11,1
0.27701428571428316,58,1.6806151835743075,1.2215613098693743,0.39760991774181337,76.99,1
0.26929999999999915,60,1.863282152532993,1.2009328763193716,0.383963363464017,101.73,1
0.27787857142857114,61,2.0757497633037025,1.395476743176889,0.4058850037548457,295.44,1
0.27394285714285616,64,2.186544059504562,2.2497281705283143,0.4143984998307675,284.68,1
0.17776428571428937,141,1.894297337620264,1.0074712502725145,0.268111536773113,25.01,1
0.11761428571428414,197,1.5793707767105427,1.7257189191983826,0.1729176572017649,-210.78,0
0.12915714285714483,217,1.6604492707071659,1.587667498960786,0.15473233472175918,11.61,1
0.14335000000000417,261,1.5707290897701158,1.909770000326355,0.18076444121996388,46.4,1
0.14437857142857524,262,2.542210975659856,1.504115112736902,0.18107800472441485,82.06,1
0.142942857142862,263,2.976703643434994,2.3435039185290014,0.1808566686506538,27.05,1
0.3172857142857128,41,2.4274481317708694,1.6373798745443833,0.3421739329343795,11.0,1
0.2558142857142879,47,1.7005943707672462,1.0851083643661383,0.33188903575499845,18.78,1
0.1705357142857155,97,1.819765056256014,1.1086248631388835,0.23927585532231527,20.85,1
0.13059285714285604,141,-2.9905651444912804,3.3647500938857107,0.1914219454663697,71.82,1
0.14655714285714794,164,2.2029196114133893,2.3391237250851993,0.20243337386008672,148.89,1
0.09775000000000082,253,2.629570038113431,2.10456695197799,0.13332320241734222,3.46,1
0.10418571428571559,254,2.540595069201688,3.2303789932179665,0.13395814153083033,2.5,1
0.49482142857142924,16,1.8440147034139605,1.0039605576062152,0.5306423661343657,163.24,1
0.5055285714285722,17,2.3585286882819765,1.4139380403198283,0.5521828617779123,30.49,1
0.4844071428571429,19,2.5792489486880985,1.0339648036200484,0.5471366044069169,35.62,1
0.48323571428571405,20,2.5439654698535965,1.7121290792933663,0.5467255835087879,45.62,1
0.12560000000000368,131,1.715018144482331,2.251938235353287,0.18487309172015348,31.05,1
0.12845000000000287,132,2.1751745731589045,3.4944488266536804,0.18115874608880614,33.45,1
0.13499285714285797,133,2.45781512091609,1.4346599273974316,0.17872763241755746,34.77,1
0.1371357142857152,134,2.201798684965321,1.1721512521348043,0.1892447759233023,27.51,1
0.14320714285714434,135,1.7685285249541665,1.0977621977638665,0.1899452414632954,24.01,1
0.17674285714285531,140,-2.995208569451027,1.4546317380385518,0.2256437751582423,62.93,1
0.11197142857143254,177,2.3088277440360234,1.8204083587036826,0.15554104436249852,32.42,1
0.11345714285714743,249,2.074419076855457,1.0501913813084376,0.14146304305402113,28.74,1
0.1154000000000041,250,2.0553876335267796,1.802888912014215,0.13052936689127842,15.16,1
0.12705714285714415,252,1.8956472764879422,2.4431720713464973,0.1405386771731204,13.36,1
0.13277142857143076,253,1.644720784118468,1.0957135727513951,0.15281001415119108,5.74,1
0.2589785714285731,106,1.6579200553986893,3.730009436664563,0.289475231922239,73.45,1
0.25367142857142866,108,2.9845393076925193,2.0118232064418082,0.302468911126631,44.81,1
0.21011428571428528,151,1.8820391283761708,1.5759462214079,0.21300339505967017,27.71,1
0.11938571428571468,199,1.819456615670463,2.0778892365802144,0.18207744174688878,38.59,1
0.12159285714285772,201,2.462646483944009,1.2248123779578,0.16433817266687445,40.14,1
0.18968571428571174,218,1.8125362022617926,2.532999678959661,0.22455715229792275,12.69,1
0.18682857142856943,220,1.8738129817133073,1.356348048559009,0.22044139535643995,17.54,1
0.18867857142856792,221,1.9387626412275931,1.2540541693527696,0.22183027884373108,23.32,1
0.19547142857142522,222,1.780437461004495,1.4763439587353975,0.2287513890383001,16.6,1
0.19148571428572073,266,1.713035159028215,2.5916658663824266,0.26367445230054776,-295.45,0
0.3260285714285739,52,2.0060874172975556,3.166871316103196,0.41822980781607016,105.97,1
0.33265714285714615,53,2.390637043431005,2.448897546961863,0.40316189934426805,113.31,1
0.3469428571428535,61,1.7467177295735303,1.3296808517337586,0.3851830301997212,34.92,1
0.3381142857142813,65,1.521359399599319,2.752575242070464,0.40680480607731523,20.43,1
0.32293292857143285,82,-2.560151643834466,1.1024722061518495,0.4261336292676024,-649.15,0
0.09739285714284815,262,-2.5466356497383233,1.1165457769495668,0.1638514264852282,8.91,1
0.23934285714285863,91,2.300492917068012,4.1922904459017305,0.32040827506971303,24.12,1
0.1983857142857143,152,2.2619754303906787,2.0425212866485087,0.26277258474360055,531.17,1
0.27695714285714246,153,2.0854894761573948,5.165646149097464,0.2628424732199386,587.81,1
0.3013285714285721,157,1.8269063878056278,1.0916595150175936,0.2617799494339676,598.18,1
0.34240714285714496,159,2.4198237550794963,1.0675728374879088,0.3007541985421191,57.82,1
0.443642857142856,176,-2.9291428397668406,1.9648186829178498,0.5143724716722384,40.89,1
0.23047857142857708,207,2.0108824292321312,1.6005512287140287,0.33476702803060054,14.29,1
0.2413285714285698,81,1.5513461477484423,1.443466416470653,0.3005518622651153,44.0,1
0.1818214285714248,198,1.9226655222350628,3.5989246336286134,0.20630263040702956,220.51,1
0.196321428571425,199,2.347036268895458,4.506038674003969,0.25643938253484283,40.71,1
0.2098928571428534,200,2.4854378422160264,2.8724038632120723,0.25612734882140287,41.23,1
0.2084714285714264,201,2.5627971117407236,1.2506800398562727,0.2520797788368368,51.23,1
0.2376714285714233,202,2.270615957726086,1.4734000862137762,0.28825779213221775,32.18,1
0.2098214285714306,77,2.197943803329005,1.0570818454182878,0.2787275330485958,36.6,1
0.18328571428571447,117,1.7098868585092195,3.5928921036495405,0.2740210020319344,6.67,1
0.13941428571428308,211,1.7047397522402068,2.503229642732827,0.1661759884591765,-257.24,0
0.1383428571428555,212,1.9523244639690254,1.0139876982528069,0.16622480274040263,-205.68,0
0.14655714285714186,213,1.776634628916029,1.3787429878924937,0.16870860086814904,-209.84,0
0.1587357142857156,218,2.086079182454398,2.290580471069275,0.17312559185813256,8.75,1
0.16410000000000075,220,3.107629088928243,2.530916762050207,0.1796286699687918,3.47,1
0.16624285714285594,221,3.0897912310998485,1.1390652513439996,0.16804811853318416,5.16,1
0.18217142857142424,223,2.464063480830808,2.3829321825446357,0.16973568098826788,23.88,1
0.2181071428571479,130,2.517877484662084,1.480562527172883,0.3222855745326415,83.52,1
0.2256071428571492,131,2.4221169252041843,1.6390709187303696,0.2530735242125507,19.9,1
0.2362071428571499,133,1.9727674628094536,2.242548751537304,0.24907951419638333,81.79,1
0.21588571428571665,183,1.555141870646425,3.9140761777944455,0.29537690079736595,72.88,1
0.203164285714286,195,1.5187491179255652,2.770106553507723,0.30287200327611585,31.9,1
0.2094180714285707,226,-2.5443831401085917,2.3870474060090534,0.25161203251141434,-333.86,0
0.1624000000000052,171,1.9517902203359614,3.6061723584508876,0.2607335591689461,-294.39,0
0.17309285714286204,174,2.5467007507670893,1.041414311622906,0.2641908717379666,22.15,1
0.17309285714286002,175,2.569721974605017,1.367363472745825,0.26465490742386755,44.71,1
0.17867857142857296,177,2.1235317734756527,1.0419299792871553,0.2690746995910801,91.51,1
0.4822785714285719,16,2.3472636179616315,1.6909197480764984,0.393166547945688,30.84,1
0.4629928571428569,17,2.340531426533613,1.167128782758605,0.3932193461451707,38.34,1
0.2793642857142901,82,1.5835894851308,1.5710078784060253,0.3262222500726354,13.09,1
0.28400714285714707,83,1.7100072809383418,2.5104173486808414,0.32975579292287627,8.6,1
0.23844285714285718,102,-3.6305344992912847,1.8893063443945721,0.29612910617300753,113.98,1
0.1490999999999961,228,2.266233428348974,1.7739067544257099,0.24335360825787444,52.53,1
0.14789285714285175,231,1.9079679815056423,1.3929512562386495,0.17770464435031952,51.96,1
0.3036785714285709,31,2.088353822126245,2.0721825002192236,0.41542389844529254,38.07,1
0.30729785714285845,52,2.153446238469533,1.7838703146969,0.4147885828028489,25.1,1
0.30258357142857256,53,2.2735856845043063,1.0395411569002442,0.4147897819636044,29.17,1
0.1816285714285694,141,1.7289248483091302,1.0589290856021647,0.2541422394492172,24.11,1
0.12017142857142867,212,-3.0530208465461888,1.3929235927094774,0.1712641624304529,-205.45,0
0.12900000000000084,266,1.5482418582555466,1.4678881262060024,0.209857438873449,-183.56,0
0.49227857142856885,15,2.2372509295139755,1.1127889123030057,0.5226944203178647,32.97,1
0.4656857142857141,26,1.608516787997108,2.5389495214916296,0.6476329087327914,60.26,1
0.46248571428570934,33,2.0015211814936666,2.5340279280416476,0.6481199613898604,27.7,1
0.4552785714285688,35,2.1730724632024523,1.185000917588874,0.6553151921573643,26.34,1
0.1394071428571461,196,2.8713537396396207,1.835524731678276,0.2109604597283777,52.2,1
0.14792857142857535,200,2.757955494570329,1.6639422672838824,0.18335255396895875,35.48,1
0.15757142857143386,201,2.7792160615231976,1.2076745816716992,0.19527434706344954,22.56,1
0.15187857142857247,268,1.8440788463934088,5.145388352142876,0.21729269207690974,170.92,1
0.26896428571428793,269,3.75260474685227,4.382832018687855,0.2672129347863553,35.62,1
0.23124285714285772,98,2.502683293703752,1.2126570135704318,0.34092263990348776,106.95,1
0.26011428571428447,100,2.7681284058375626,2.0858436030569183,0.35635200028950664,9.64,1
0.2794285714285678,105,2.240482319056677,2.0508271513928573,0.35354158455638235,16.5,1
0.2850928571428507,111,1.511520521431912,1.0210798366808815,0.3272389038074337,25.43,1
0.27892857142856947,142,2.2593861756683284,3.7992435619081095,0.3833392186167772,200.77,1
0.27535714285714213,143,2.468942863947347,1.0936293542787656,0.38319714799861576,198.48,1
0.2508928571428563,145,2.3933485694968275,4.691841387335192,0.34401496885128285,202.62,1
0.2627928571428555,147,2.2803301334698878,2.4888416027505755,0.35742104388560775,183.24,1
0.2656571428571429,148,2.262440676388214,1.7191555677576362,0.35385992562069046,158.56,1
0.2649642857142851,149,2.1685179295626584,1.1721202484197075,0.34631646164477187,158.98,1
0.25713571428571164,150,2.0692385705804885,2.3644864484529102,0.3415119885962048,129.92,1
0.2718500000000006,152,1.8772968535287278,1.0752940010903533,0.34277572397719575,31.97,1
0.25472142857142693,154,1.859949192520805,1.1635743952103292,0.3438977428431716,47.02,1
0.2703642857142857,155,1.71289276744484,1.1901940203835213,0.35098681116936054,38.49,1
0.20964285714285932,210,1.7459538112248678,1.0373583444210832,0.22919354483461343,15.66,1
0.19824285714286052,211,1.8187698233833143,1.0767111526423139,0.22958304267603566,19.24,1
0.12763571428571044,157,1.542946784446575,1.2968571747588635,0.14933835523248215,26.73,1
0.24736428571428754,213,-2.767301205464046,2.167641135356578,0.24820087168103394,38.77,1
0.2473642857142855,214,-2.7820936904278493,2.512977695708011,0.23659600943053735,37.92,1
0.2610357142857132,216,-2.639682497686563,1.3229897411908966,0.2341288409485682,52.17,1
1.0376785714285717,59,1.5050466725400702,1.5735783261354062,1.2093120761777973,820.67,1
0.9911357142857184,78,2.3871087740158576,2.2652650011684123,1.1383635149634799,247.26,1
0.920421428571432,79,2.5361554779181557,1.6180266025652246,1.1344078109702271,127.37,1
0.7246071428571444,126,2.022743355497761,2.036620227196767,0.6839738522537611,79.93,1
0.6809428571428567,131,2.2701862658216925,3.3925012646269845,0.679125880244311,111.77,1
0.6973714285714253,132,2.152721493936827,1.757733429219839,0.6917884825186835,138.81,1
0.4517571428571411,217,3.253527466110117,1.3725431945341284,0.40348810869954754,111.03,1
0.5553928571428567,228,1.7610603800047586,2.2770055493257786,0.4767262803607799,22.29,1
0.5661785714285718,229,1.771384801709307,1.313942474704226,0.49168231601346996,6.53,1
0.4390635714285744,262,-2.5675427080497593,3.8585760701435974,0.3624733664197029,79.36,1
0.5635714285714276,57,1.5554422587157692,1.3499123227640775,0.4705869270772699,503.88,1
0.5728357142857122,62,2.602911266060153,2.9613005198849662,0.4526933516689954,106.28,1
0.5821214285714282,63,3.1218782962177163,1.9081846943126946,0.47044210808980397,143.83,1
0.5819571428571432,64,3.163503414771131,1.8681978638897516,0.4705738070045446,143.19,1
0.6721642857142902,95,-2.778227342216695,1.6974489901381646,0.6369844761942431,73.27,1
0.6925214285714328,98,-2.6922057961391066,2.186727743558003,0.6094936119201662,93.5,1
0.5793214285714328,151,2.738414286668946,2.494090636728043,0.5430850567111914,23.32,1
0.34337464285714453,234,2.8380409103896906,2.14870701061413,0.3335921840630036,39.76,1
1.1943071428571455,15,2.5148504966354457,1.850856690985304,0.9082676459911209,100.89,1
1.167964285714289,16,2.6708470512666493,1.9027972805014237,0.9338098789628201,287.43,1
1.1759428571428592,17,2.6804904998361474,2.356356628446979,0.9378715656775907,323.72,1
1.0897512857142877,20,2.251178467284582,1.0136992207217153,0.9531335877291649,226.85,1
1.1277798571428568,23,2.104490947517851,1.4516158649297648,0.9976047152258146,42.1,1
1.072065571428571,24,2.0188267744006594,1.3752056743695655,0.9898140659381838,45.65,1
0.49796428571428514,78,2.0119918640120478,1.0594552358540268,0.5621260697458218,99.5,1
0.5086999999999965,80,1.9216164311774926,1.585694995018848,0.5251865975603038,60.07,1
0.5468999999999978,81,1.7335515096595278,2.2959821149902506,0.49778877374734837,104.39,1
0.5854928571428591,91,1.6177756161792756,1.712836328361909,0.4998640340114757,14.35,1
0.3422428571428599,191,1.5546405560085996,1.0366666402439508,0.36955988930370326,-533.04,0
0.32729750000000024,195,2.86562550365833,2.0507188291894236,0.389102938976227,-788.63,0
0.35850464285714373,196,3.090522358395065,5.0352046128374175,0.39400320050781124,-620.56,0
0.41094035714285276,204,1.757183076270891,1.084648772569283,0.29722836326514196,-468.85,0
0.4160071428571399,206,1.7605175075272057,1.7733193581523576,0.3070584939562785,-473.06,0
0.4946928571428576,214,1.5526389447316526,1.7091822211074124,0.42982106404656634,35.41,1
0.5804000000000015,253,2.22114412787584,1.8242056011339214,0.42282043404709274,54.75,1
0.6360071428571469,255,2.9763901492468183,1.8361964839186526,0.44949606234932027,247.74,1
0.667428571428575,256,2.9943272132657692,1.104778877334796,0.4434599312150772,246.35,1
1.4358000000000024,21,2.172197550285642,1.9808439807006215,1.4269258843240835,79.75,1
0.5803214285714274,90,2.2253810047238733,2.476743191722853,0.7233008563973143,72.0,1
0.4206142857142855,141,1.9211860924145716,3.6059110853813663,0.41945710889962057,72.78,1
0.49642857142857266,218,1.8576889206961533,1.4311403535006226,0.3616676624652364,71.31,1
0.385071428571434,266,1.765319022469338,2.9736983905597065,0.38647761122329166,33.84,1
0.9872571428571462,15,-2.5800235800037647,1.0573001787567218,0.6946419083990718,37.93,1
0.6377646428571394,89,-2.5934720820356088,2.829799230731946,0.5535012922351589,-1190.1,0
0.7506217857142831,90,-2.811273656586703,2.6138523346619356,0.5918220821751201,-1009.91,0
0.8444217857142827,92,-2.805543029566761,2.1435742659519303,0.5948134458320291,-672.89,0
1.04864285714286,141,2.076419901664159,2.4342375598804935,1.062049655297292,40.0,1
0.6370857142857095,230,2.0264670998905014,1.8863900755243246,0.6412679092765625,115.81,1
0.5651428571428495,237,2.016810811596353,2.752478227709272,0.6728831294662514,421.43,1
0.5333285714285674,240,1.8448546092101874,1.5453362020925934,0.6266919719877413,75.5,1
0.46104999999999613,244,1.6606305394061163,2.2474704187532084,0.5943147704285051,54.24,1
0.4874571428571447,101,2.5869830055876117,1.470118067782397,0.4710114308212442,141.31,1
0.3507857142857164,147,2.3623725900392722,1.2696619788763164,0.3274584460683719,39.86,1
0.37342857142857405,150,1.6590080601058128,1.2207493956716364,0.34398676730491,10.22,1
0.31464999999999826,222,-2.5657994337054886,1.9026778012987482,0.28976420174790896,33.55,1
0.3103428571428566,223,-2.7548048829866723,1.322891733987471,0.2898195100622324,35.69,1
0.3086500000000001,224,-2.827757790895617,1.847690264756479,0.28478094777110247,109.86,1
0.30650714285714287,225,-2.7321564429472516,1.2540130632061233,0.2847178117882259,53.69,1
0.3160571428571432,226,-2.603893485998201,1.487011124403039,0.27321293316374323,39.05,1
0.6754928571428565,57,2.1664304253685955,1.6638469153094537,0.6115156935443146,27.94,1
0.7122571428571425,58,2.4737954284679664,2.5960508051377538,0.638163744846922,67.83,1
0.7429785714285698,59,2.3718356703497463,1.9314478374372308,0.6552066255779159,28.17,1
0.36638571428571864,120,1.802264065026281,1.2711136845177955,0.43763520483825574,-453.41,0
0.3771000000000027,121,2.12765591683448,1.1788214428558257,0.4349411441797861,-454.05,0
0.4557142857142935,126,2.354516947422549,1.1820181443055244,0.4296955549692389,70.14,1
0.5732857142857171,133,1.5328193967485035,1.7738639408488228,0.3808250786567395,55.06,1
0.5691428571428604,134,1.671783846673383,2.50062947999391,0.3951248203135517,30.08,1
0.5591214285714321,135,1.7499496841196904,1.0527226369969982,0.3874963174959526,13.98,1
0.5437071428571423,137,1.8570737977660587,1.1266769436507327,0.3882589801339283,12.32,1
0.5637071428571423,138,1.7226338815520637,2.142660479047454,0.41252469000970915,12.76,1
0.517314285714282,142,1.530269864757168,1.6067983815121067,0.4096769492187313,25.25,1
0.3865571428571469,178,1.8177994043558243,1.2222922911168346,0.28241470165667765,7.85,1
0.39155714285714843,180,1.9056079003235862,1.15588816066485,0.2781004976063941,10.23,1
1.1993142857142882,15,2.3525774238194863,1.3906234665149728,0.8425807419910671,-1461.9,0
1.0726214285714317,20,2.5127804970222933,1.5498756673988092,0.9147089797783988,-1367.47,0
1.0669142857142881,21,2.6803882148892892,1.2004751014693011,0.9268365497760469,-1719.95,0
1.046200000000001,22,2.8033669270766715,1.4999952003551766,0.9440783656729764,-2073.23,0
1.043528571428571,23,2.86934260654854,1.2942052085991682,0.9614948224812941,-1842.68,0
1.02495,24,2.8106589332510867,2.1394965613553016,0.960747386318218,-1718.6,0
1.0714500000000007,25,2.7838307023796944,1.0114111051899142,0.9860466909120543,-2230.97,0
1.1071642857142845,26,2.618794603398751,2.106438445366749,0.9875971214036462,-2235.57,0
0.5070428571428494,211,-3.2836511276230493,2.36333214387571,0.4706562801308364,496.53,1
0.525742857142849,212,-3.150823256733379,1.677372457056315,0.47745329836895717,-389.64,0
0.6699214285714257,218,-2.7060999932749783,3.7073493360797913,0.5495828530199257,309.85,1
0.7098857142857123,219,-2.686782456552804,2.593650772881129,0.5523522650615345,370.93,1
0.7463214285714282,220,-2.8133623045719043,1.045358232159219,0.5851025804443111,74.38,1
0.7526999999999983,221,-2.79454599897561,1.50111237000949,0.5868669044457825,91.18,1
0.5347071428571459,255,1.605728599866765,1.4913358442368332,0.5500698932303176,340.69,1
0.9233928571428558,45,1.67549244356359,1.4687970665459742,0.8464280627017348,67.79,1
0.9705357142857147,46,2.014565993172527,2.409716941948977,0.8460572596528408,89.63,1
0.9452499999999995,49,2.06321170371504,1.9282324935192339,0.7265946761256117,73.0,1
0.49443571428571637,116,-2.922326253396647,1.7504607965523287,0.4000537106024493,106.68,1
0.5265785714285747,117,-2.741205753077381,2.027223690936215,0.4232964917149239,69.51,1
0.6800285714285731,183,-2.583211454548657,1.8089603825247222,0.6135514148585706,9.15,1
0.591935714285715,104,-2.9784476048665254,1.9697483013890653,0.41313220507888626,184.31,1
0.5665857142857139,106,-2.594126237933689,1.2809457094872296,0.3875116116991207,175.77,1
0.4494928571428594,237,-2.618524226922905,1.3601915589035343,0.3761731453510842,71.27,1
0.3448714285714272,260,2.247501514032712,2.7414087252632617,0.3691186481723474,92.02,1
0.7973214285714322,28,2.370514826030117,1.455053473763132,0.8084546968724595,302.88,1
0.8087714285714327,29,2.6390261783090385,1.2150802305057038,0.812920907493686,128.59,1
0.8144785714285742,30,2.740657641581164,1.5587512825698644,0.8084232395918861,29.44,1
0.7854428571428603,31,2.6861129007676174,2.279698722398083,0.8087125958443666,38.97,1
0.840442857142859,32,2.3936894876603367,1.818608518852323,0.8343328698033914,121.59,1
0.3252071428571404,199,1.882072333488979,3.5613785347113853,0.261608993060984,25.17,1
0.32020714285714086,200,2.7124685040534704,3.334539457081196,0.2578619918511338,34.95,1
0.22502857142857277,263,2.1520043838315814,4.560545189178114,0.16899889422728723,19.73,1
0.504171428571433,50,2.231032970824589,1.8274321859947396,0.5106297258016854,158.66,1
0.3165499999999964,195,-3.214636280952195,2.2994289908694125,0.23617714919099406,183.77,1
0.3358357142857114,196,-3.4371551229823027,1.1045092955684246,0.24889381991591172,41.28,1
0.7808714285714261,15,2.7178272247036785,1.2660552684080473,0.4599210246887599,359.38,1
0.7077071428571438,21,2.0618717008375693,1.0336881007322913,0.501541168607041,467.26,1
0.643885714285716,26,1.8695755853123515,1.0684042577841932,0.5099801876871654,109.52,1
0.6213642857142888,31,1.8880349456548355,3.4385657991200533,0.5384060151452076,64.05,1
0.754092857142859,89,2.069602991362196,2.9439811437851406,0.7130351138124331,89.97,1
0.5221285714285712,180,-2.789993336419365,4.646737720764933,0.5010991576135906,140.56,1
0.5706928571428571,181,-3.112115220675172,2.6578443271421452,0.5010859409596072,57.78,1
0.5935571428571406,182,-3.2710375426591596,1.9365303589633114,0.5171659744701764,95.9,1
0.706792857142854,183,-2.5738955357531723,1.5426989828579418,0.6625840417427349,10.53,1
0.60075714285714,24,1.6643167063254614,1.1163379133947275,0.5808091162490804,228.94,1
0.581471428571427,25,1.8136066456118847,2.022173227774099,0.570904460900948,107.11,1
0.5314785714285709,26,1.9229884177381524,1.4670750857834147,0.5702996318548672,123.69,1
0.5350500000000002,27,1.9435193064688903,1.0296482499292428,0.5697817206297701,126.96,1
0.5486214285714287,28,2.0694350306792653,2.311769242665915,0.5710311453665391,52.76,1
0.5622714285714291,29,1.8329725190832415,1.0762286646592785,0.60855811148983,72.2,1
0.3168928571428568,107,-2.9256205873855956,1.121108120837059,0.322094784620414,57.53,1
0.32402857142857044,108,-2.6702793852637345,1.0743759434496931,0.3324100344750449,41.43,1
0.28144285714285544,152,2.155939912785464,4.7656585218659595,0.30975940332972585,34.8,1
0.27280000000000576,161,1.6455854101320002,1.273556627262619,0.3134944845213439,23.22,1
0.25707142857142984,246,2.455181551446441,1.4576756904838086,0.2556447203211353,-432.34,0
0.27707142857143197,249,2.790157644810978,3.740193518499663,0.1795638919324048,25.94,1
0.29812857142857346,250,2.6725665291437757,3.1322258787664494,0.18142095574407874,23.78,1
0.3263714285714282,255,2.1544055460128613,4.762874118567385,0.22293552260754076,8.23,1
0.34716428571428537,256,2.2292643305767634,1.3133821799390912,0.23519218410707116,28.88,1
0.6883000000000042,69,1.7045523954918078,1.4209491400099434,0.592783899982187,72.1,1
0.3566285714285686,167,2.642807323784567,3.9114699226773935,0.31983854958237695,71.25,1
0.3574214285714236,168,2.97370913354427,1.6348614055693131,0.3207328623194309,50.23,1
0.3274071428571363,172,2.736847536486433,1.2761779487892302,0.32229384629481933,39.91,1
0.33169285714285074,173,2.4930511283376946,1.083191839843573,0.2958182688825895,27.66,1
0.29372857142856745,208,1.7365547029736839,1.5784350738741566,0.21799781421656836,96.68,1
0.2922999999999953,209,2.479834603843176,1.5768747141973491,0.21799579120549695,73.56,1
0.28367857142856884,215,1.7005811815436873,1.3480080828961978,0.2026322873396116,21.71,1
0.28804285714285527,216,2.21977604982621,1.6608279758774056,0.2076398945569827,34.1,1
0.2790214285714277,218,2.2428453948793456,2.8386157290740903,0.19203960908267836,29.41,1
0.27759285714285753,219,1.9810039283799006,1.2405883646033335,0.19006362252672293,26.49,1
0.7783857142857187,52,-2.7555611857158935,2.598807140765493,0.5603505686123249,129.87,1
1.3181500000000048,93,2.3360433887152787,1.2171098013537136,1.046394323810932,147.6,1
1.4481500000000065,94,2.5455906809362134,1.5872061292208224,1.0717790295590612,98.93,1
0.47561428571428416,147,2.5590630750156,4.71167467504206,0.38670596718376987,38.74,1
0.5184714285714266,148,3.220193600052601,2.8032552152306955,0.3705119615269659,28.86,1
0.5306142857142849,149,3.1021201831204093,1.057898601422973,0.3679692043457606,77.2,1
0.545257142857143,150,3.3927493748044335,1.0642738500650164,0.396774717666918,56.14,1
0.5491785714285717,151,3.064944932052214,1.9238510738352625,0.40582509795130056,39.61,1
0.26335000000000264,198,2.1693355393880434,2.759611287372318,0.21791969863821117,49.25,1
0.2754285714285731,201,2.4941569298549533,2.550532915065184,0.2287214593843233,104.06,1
0.27935714285714497,203,2.2176912134043816,2.155429360492101,0.22659807833678292,59.67,1
0.266214285714288,206,1.8406254064032643,1.4098536562780466,0.21955280940049923,81.81,1
0.2912928571428556,209,1.732671807297112,2.023320194065205,0.192388015647877,175.09,1
0.2927285714285688,211,1.8285528405400575,2.4669446069019436,0.18855601013254053,89.14,1
0.2881571428571427,214,1.6878402935003982,3.875978034525941,0.18270668900936718,43.69,1
0.2770714285714279,216,1.717298345505239,1.1711382678565467,0.18069337897229296,24.96,1
0.2838571428571421,217,1.756525637169445,2.819887348175482,0.18208261089064018,32.63,1
0.3112071428571487,234,-2.5542597279367247,1.6034890077981727,0.23039015278229855,45.76,1
0.830521428571428,34,1.9352690728662583,1.2964739800547367,0.7024017643016607,20.69,1
0.45769285714285957,95,1.8338104019462134,1.7525764166083484,0.3715821154271549,48.61,1
0.2658857142857138,152,2.184661565496547,1.8672466764284161,0.22015891316812575,-300.84,0
0.2806714285714317,154,2.180290251224819,2.858593222362622,0.22603904455207136,86.31,1
0.27990714285714297,155,2.2427529806774067,2.0171559664723633,0.19680648395318223,138.7,1
0.27062857142857005,156,2.212802251245475,4.286160649663499,0.18807838823242948,139.5,1
0.29062857142856807,157,2.1668219988303448,3.311047369949048,0.17973944276060794,145.28,1
0.3164214285714268,158,2.2187995389763007,1.7188779755013126,0.1921073295537251,16.73,1
0.34392142857142616,159,2.209499217526937,1.3615153731616303,0.19060905086792798,21.39,1
0.43685714285714183,70,-3.2275637962849544,3.8211147413108315,0.34350869404427153,36.44,1
0.4826285714285713,71,-2.5111622126420574,1.7994539735435249,0.41872799303612523,252.24,1
0.2615285714285725,254,1.7772420899949852,1.78331914123831,0.1832100992539552,13.77,1
0.7145428571428576,29,1.543783576368559,4.34574591954756,0.5350515849932133,64.17,1
0.43919285714287476,154,1.7904703207272015,2.867656267343979,0.33246022791511687,-928.81,0
0.4052142857142818,216,-2.5065367380120485,2.834609344864885,0.3430388439862517,613.32,1
0.31335714285713884,265,1.6381688990066994,1.3606206247859696,0.24191012987508997,327.56,1
0.8835428571428565,22,1.6882700650084532,1.2828146710279145,0.6043003590291424,14.86,1
0.3856214285714259,208,1.5001100686197697,2.0453899794971835,0.33008669509279226,32.61,1
0.3757928571428571,237,2.1373933256827464,1.6519392313461745,0.32123105168366534,62.57,1
0.33875714285714154,242,1.7987753958150083,1.4750849175574572,0.3075978224265601,77.52,1
0.4792142857142859,70,1.943911804220494,1.633015996777758,0.4477201264037987,41.77,1
0.2724857142857177,146,3.0677100002149205,2.458250787954845,0.23249616581378102,31.56,1
0.2782000000000023,147,3.51182144751035,1.3829895055284243,0.23083383842953464,38.17,1
0.2778357142857187,148,3.413328357486549,2.3799380062127633,0.229263811712704,40.53,1
0.27267142857143817,152,1.5428800291808338,1.0457148936695673,0.23367357978050401,14.14,1
0.25970714285714636,264,-3.0026264570212033,1.5592699661643052,0.16220768022863127,114.94,1
0.4263928571428518,126,2.2161394854000265,2.3744974690307696,0.34657690153885823,305.82,1
0.46510714285713356,130,2.62497443029355,2.028562965858901,0.34421201942444923,218.14,1
0.4584571428571361,131,2.3714741438480695,1.460389948940011,0.3490529575103227,149.31,1
0.43096428571427786,133,2.2434224606160877,2.580951960549578,0.37420017699977887,95.99,1
0.42077857142856445,134,2.1548497299508567,3.675964245713524,0.37009201799389574,88.35,1
0.4145642857142836,178,2.4293437381748655,1.1662196387414745,0.3030891519975432,11.27,1
0.4359999999999969,179,2.20396152706298,2.663184428019129,0.3050123420617318,20.72,1
0.35012142857143097,207,-3.3737073545698983,1.1388039813415636,0.24443999682932938,24.76,1
0.39168571428571397,264,1.629205578668456,1.3638554210367244,0.36130683512391326,297.1,1
0.42024999999999785,266,2.028958141615445,1.5145898146052361,0.35159060310872453,496.75,1
1.6533142857142877,20,1.9873063694762891,1.1236645731990582,1.7625008264738395,46.79,1
0.9434499999999986,86,2.8443419024048,2.1338358456426496,0.7489109006035369,169.97,1
0.9298785714285701,88,3.4828407611064756,1.0096802782577667,0.7570724168968028,93.61,1
0.9762999999999968,91,2.7947095826149897,3.0056531936831545,0.7414418304925362,127.88,1
0.5252428571428547,132,1.6785669671948626,2.9361849336191654,0.45237301794985835,86.71,1
0.5716785714285676,133,2.102943959796609,3.0800038962388685,0.4741007537876472,23.39,1
0.5788857142857081,135,2.351443568222735,1.0461114464098782,0.4124034684781215,45.58,1
0.47793571428571874,176,2.2184600655701736,3.4780959985339748,0.3820985090439515,113.94,1
0.48950714285714775,177,2.3006880503091254,1.5412637024767537,0.38630840915580594,105.11,1
0.50306428571429,179,2.114454493028568,1.1966457454919108,0.3183371632557547,110.98,1
0.5010071428571438,231,1.7606259501616361,2.2631731789776643,0.3756163915814286,48.89,1
0.554157142857144,233,2.272364940462471,1.0004302354651387,0.3926088275073334,152.42,1
0.5963000000000035,234,1.9171237410263395,1.5399264735198461,0.40325983475163285,98.81,1
0.519842857142854,187,1.5846348320342327,1.1485526445426353,0.4900529361652629,179.93,1
0.538735714285709,193,1.6404532382541217,2.1906953237212408,0.5100054293753346,189.76,1
0.5392928571428521,195,1.7799511086957929,1.4890504006923169,0.49899694846462556,238.1,1
0.5106714285714234,196,1.8046955363926118,1.351904859667474,0.49725284813282317,242.16,1
0.5129857142857109,197,1.779314134361973,1.2618196249396885,0.49318089456236963,245.84,1
0.5094214285714267,198,1.8090993724250466,2.117377832024908,0.4945064383219223,92.21,1
0.5101285714285707,199,1.6878136060310018,1.3134512380431536,0.5040396229256393,270.86,1
0.5015571428571418,201,1.6465353699261667,1.1226268826223336,0.4375038646426072,21.03,1
0.44762142857143367,246,1.5613630956781528,1.4399265448413103,0.3224158854535749,79.85,1
0.5211571428571428,147,-2.5290447009260735,1.7247223281814323,0.5163559034877498,56.44,1
0.4648428571428574,166,2.112440538760036,1.004731890253435,0.4593884611338789,57.16,1
0.35996428571428396,235,2.305833901112617,2.7761992702632345,0.27084500059087024,37.24,1
0.3556785714285695,237,3.077827988085248,1.1798785589482266,0.2688264623214787,39.82,1
0.3763928571428567,240,1.7486753932200227,2.715491941199924,0.3028614043943294,6.95,1
0.4755857142857098,110,1.5062468707040373,2.829015224097525,0.4498493463373984,114.87,1
0.3992214285714267,150,3.3377878328403727,1.6244799210634961,0.34833284967871203,164.61,1
0.42464285714285666,151,4.16856311579959,2.6118564312286625,0.38182415261330094,302.0,1
0.42964285714285416,152,3.984173217795206,1.0387364459828956,0.38109843045290953,126.68,1
0.45178571428571146,153,3.756023444809065,1.8048369376544968,0.38816609820584563,30.62,1
0.42964285714285616,154,3.3784143442129597,1.1434466303812534,0.3811828214774069,27.87,1
0.3153142857142898,200,1.6254177044019118,1.19144158705495,0.29940805926424807,9.24,1
0.30495407142857445,201,2.6405817118943924,1.4615880442552154,0.3010426516910247,11.6,1
0.29249285714285883,246,1.9408985152898708,1.1957061419801887,0.18457723955312297,155.45,1
0.29685000000000017,250,2.73264723559373,1.6711408140754391,0.17920867175487348,77.3,1
0.27504999999999924,252,2.282614059710636,1.0463539447870007,0.1755892175822316,76.94,1
0.5742642857142845,71,2.668038663833859,1.7854933058448923,0.4568519087584004,135.85,1
0.5723999999999998,74,2.7831892888190852,1.0122517158969742,0.45350686251406047,279.89,1
0.5708785714285715,76,2.309767787022771,1.2415785884699182,0.4540529628899334,288.65,1
0.5538357142857129,80,1.8858533956145547,2.790244400068186,0.41030339126574317,297.95,1
0.3599857142857153,175,-2.697081877554455,4.731734133505349,0.37135767899463384,18.77,1
0.38286428571428693,176,-2.9828921814885883,1.9179936056456555,0.38083910605399635,8.02,1
0.40072142857142773,177,-3.0694710198578283,1.1212712568381142,0.3826548819871494,13.8,1
0.3132928571428591,210,1.9961673908329605,1.059899029104736,0.22540820759060964,-602.49,0
0.35328571428571615,211,2.247265690199592,5.020140204000879,0.25918390714851947,440.44,1
0.3575714285714286,212,2.2748875638064394,2.1988417169412906,0.26110060158985476,-527.09,0
0.4104285714285721,213,2.465970686849009,2.283168721369568,0.3031383060990316,143.1,1
0.42749285714285584,214,2.4650300253066013,1.4416150567110795,0.30361383206199744,143.17,1
0.4538571428571418,215,2.4938350347140488,1.4140888330751438,0.3081707844989249,177.16,1
1.1046928571428611,236,-3.166239052037081,2.2831789939837965,0.8841230093004732,402.0,1
1.1706071428571465,237,-3.295479766908171,1.1088813291876496,0.8891610291044046,384.53,1
2.086028571428573,251,1.813295625957626,2.9325269432702696,1.5312163549844182,133.02,1
2.1087285714285713,252,2.6118888001630913,1.1697973118584315,1.5361405978001055,172.55,1
1.06636428571428,38,1.5534825210933139,3.371815623291499,1.203284549945121,-1706.72,0
1.2038214285714222,40,2.1147852210186704,4.316307260716001,1.2298610825362215,267.61,1
1.2896000000000012,46,1.6721107244816993,1.1393128194012898,1.1586949856394113,131.13,1
0.7290571428571379,116,1.9041436940387242,1.0880452097765871,0.75617666381094,288.52,1
0.5972214285714423,186,1.6415730310067207,2.2351556799342993,0.43946956369373685,135.46,1
0.5211357142857095,250,1.6158358443156755,1.99958074280275,0.5159377728901571,84.48,1
0.5147071428571357,251,1.8421032991132233,1.3029412803767846,0.492464673828053,89.8,1
0.48374285714285137,253,1.6606408694664054,2.059492703928141,0.4777790063445699,62.07,1
1.1962071428571417,25,2.280593877939296,1.1440835089940038,0.9710555841564971,152.03,1
1.0656285714285698,44,1.5384449116941086,1.9502991432061028,0.8945557097099353,97.35,1
1.0227571428571411,45,1.6369565824014256,1.4598403691751218,0.8805839817463122,111.2,1
0.7504785714285711,120,2.6071477435568937,1.7026327013292666,0.5699332963173955,70.81,1
0.7603357142857102,131,-2.8244738089304087,1.2315563666048734,0.5683169286477586,266.6,1
0.7774714285714249,132,-2.9994927686587487,1.9738536129034172,0.5677665202540643,11.61,1
0.6218642857142852,177,2.471613612193784,2.1179974813990983,0.4874543455151351,67.1,1
0.595407142857139,179,2.3440442532420374,1.3048227216690143,0.48043374448132414,65.72,1
0.918142857142854,76,1.7994899194038707,3.551580790676998,0.8715684273235191,35.12,1
0.5935571428571466,215,-2.6341243098514595,1.1254651016619974,0.47807005430469063,70.82,1
0.5807071428571463,216,-2.6219209381982083,1.1186464464734345,0.46714650987077844,70.52,1
1.025835714285711,38,-2.5688895302384047,1.0052400573086868,0.878657481040411,62.06,1
0.6252785714285706,125,1.5265362249697978,1.4727268981910637,0.5536432831034137,131.77,1
0.4035785714285741,195,-3.0965734936875107,3.794403572951317,0.2769347904000338,12.32,1
0.37982857142857135,220,1.7682968421899048,1.270743349368627,0.3305220965297907,276.19,1
0.46534285714285567,224,1.9125262415306876,1.7655456344987597,0.3774624469357333,84.18,1
0.47110714285714195,225,2.3992397991034005,2.155080510181962,0.3652068415459866,180.95,1
0.3955214285714277,256,1.6543428077344673,2.302263982367425,0.3088192793792109,103.69,1
0.3982785714285707,257,2.2396599806524784,1.327532465333333,0.3106769681545441,114.36,1
0.7778428571428557,97,1.512728973678979,1.2343828518022353,0.827632429988415,-1474.34,0
0.7584428571428552,98,2.2599182442978614,1.138914755184949,0.825297545715956,-1014.38,0
0.7408071428571402,101,2.881511590372781,1.6760987436931443,0.8058212929789634,140.42,1
0.7736428571428584,104,2.3391281337730105,2.5126479237239057,0.763316961368593,142.64,1
0.7834214285714235,117,1.6891487676200372,2.599473699413045,0.6746284421151559,29.88,1
0.5359428571428525,188,2.457499149404731,2.5362147425541117,0.4672153069794202,155.81,1
0.545185714285708,190,3.0883219025181274,3.82082170656849,0.474889530651448,117.28,1
0.5001999999999985,192,2.868783744332053,2.61792268128077,0.4738920919798722,168.08,1
0.5204071428571402,193,2.711010483415454,3.2486233023675712,0.47438097724489386,232.54,1
0.4787285714285718,268,-3.7616719929260394,1.9242878614399272,0.399364369732042,35.73,1
0.9957642857142872,23,1.6537863029957283,1.1132552802944835,0.8651902885781529,344.75,1
0.7480428571428571,32,2.196842425368432,1.2090650096896953,0.8171995152473426,253.18,1
0.6967999999999981,45,1.5641917063430064,2.4736418361304913,0.6573152883199637,19.78,1
0.7052214285714281,46,1.5810552576721064,1.3605439396626438,0.6411868383805868,8.09,1
0.6124714285714289,116,-2.665561308565653,1.3111072299880029,0.5642925756449128,47.65,1
0.5374000000000032,248,2.3959113528138283,2.7222163753620925,0.5178213989637629,85.13,1
0.5567642857142882,250,2.674850697219748,1.5679174315743012,0.5010392927014787,85.55,1
1.2887714285714327,15,-2.7201602394339552,1.1185156804388339,0.800844333535613,25.58,1
0.886021428571425,128,-3.0952774746715592,2.3542699524435062,0.741122997718775,18.36,1
0.9124428571428537,131,-2.8223795865845416,1.0554264989647297,0.7941802520184386,24.61,1
0.7843642857142896,224,1.7780447680410187,4.720978775138386,0.7658320297589774,71.55,1
1.0292642857142826,79,2.8582137660305635,1.6313666714666675,1.0335399724372545,170.82,1
0.6213285714285652,246,2.3353352950734503,1.2969164437359444,0.5554905943606809,-615.3,0
0.47248571428571445,254,1.6908709295601256,1.0168470662679576,0.5072664212192018,-482.08,0
0.5764642857142864,258,1.8036055111877871,5.128230634117082,0.7649047133039296,17.27,1
0.6250428571428586,259,1.99726953026554,2.34558945627764,0.761931003672492,21.47,1
0.6479000000000029,260,2.0620265497245955,1.7861167378474867,0.7576687792064131,26.6,1
0.31104999999999855,195,2.3051361919654565,1.3434141773181418,0.2171144444898473,20.59,1
0.3089071428571413,196,2.225836528571407,2.4492789854139305,0.22016727148283566,8.98,1
0.313914285714288,199,1.75009486432514,2.0501563413388078,0.21407753937380467,16.26,1
0.5472000000000017,74,1.5351798797527445,2.742323949836624,0.6136222268377106,166.51,1
0.5751428571428566,77,1.5871063198010704,2.0084296871790994,0.634694198662295,89.21,1
0.3060500000000011,171,1.5778113619880552,1.4848835871622559,0.2722446325752559,-409.04,0
0.3274785714285713,172,1.7741186457044464,3.817604924617787,0.27788863185952484,127.23,1
0.3285214285714285,173,1.8655132296559522,1.6284556242626893,0.2778530521028164,170.89,1
0.3292357142857136,174,1.9297648464454507,1.2444987530567686,0.26875367939986017,200.27,1
0.3263785714285713,175,1.9412574196749803,1.329501815993399,0.2685880039619401,204.2,1
0.37657142857143,184,1.9028161308381588,1.1173335251114618,0.3333443450762261,30.59,1
0.3686857142857158,185,2.122888935732273,1.491720275999061,0.3300813635681744,33.37,1
0.36440000000000133,186,2.2900568713375318,2.8297224295150154,0.33490766404997,47.34,1
0.3740714285714302,187,2.1727628322935817,1.8866100452285308,0.3417368848596139,33.42,1
0.4355214285714319,72,-2.7737734167277135,1.5894887721079807,0.47364755940644304,73.83,1
0.35510714285714834,112,1.9278017237784182,2.1304393676209,0.3629735082119469,133.99,1
0.3973500000000009,118,2.405449613913109,2.0388004521963645,0.3794412302223244,53.83,1
0.28887142857142983,104,1.8450007231968986,2.262974755570426,0.26039389254325296,29.34,1
0.299042857142855,107,2.0893757928574717,1.0548740929385039,0.2507612102374178,41.97,1
0.2844714285714239,110,1.5528768701967677,1.1388159393163702,0.23793041607110815,27.84,1
0.26239649999999415,140,1.545447355064742,1.2191056524705661,0.27001634089994464,46.18,1
0.26239649999999415,141,2.1614025094295934,1.3086229623821373,0.2702941273492768,19.85,1
0.2523964999999931,142,2.5920927485531506,1.563345778813972,0.2719549219118187,26.71,1
0.26025364285713487,143,2.687187579642984,1.335613696414756,0.25221649542126556,29.21,1
0.2623964999999921,144,2.6125023215793193,1.0220400985934097,0.251720802184337,32.24,1
0.3197071428571405,205,1.527111721391461,2.8693256894957204,0.2911158358571815,1054.35,1
0.31332857142856646,207,2.0746555707847874,2.2030899541516655,0.28853339962740465,1054.52,1
0.3115499999999969,208,2.4527157223205305,2.6675316604747334,0.2942572824451969,1078.24,1
0.3264428571428551,209,2.9223576638014106,4.7386036457244,0.31039113279956526,17.06,1
0.31929999999999836,210,2.8541697322160027,4.985492058398628,0.30824911558044044,25.61,1
0.8759071428571426,15,1.5206778707121706,1.3649457998936743,0.6030079657184559,406.47,1
0.8666214285714285,16,1.8583828569286722,1.031104813450574,0.6131130533671102,266.03,1
0.8755499999999999,17,2.1765616247069466,1.2684418105316124,0.6268109887030554,47.13,1
0.8475999999999979,18,2.260741998977178,1.3440977274070174,0.622783494073379,46.82,1
0.8606571428571418,20,2.125710233812711,1.1551837661614714,0.6519486309244165,41.69,1
0.5135142857142897,82,1.632883560410755,1.8642698165629126,0.4945087236101534,44.05,1
0.30700714285713915,122,1.916305722227715,1.3924752416016304,0.3100746167403446,114.85,1
0.3073357142857113,123,1.9156941310932112,1.5353468677529731,0.3077795292488842,115.68,1
0.22134285714285998,193,2.0760415267409886,3.4854207145177947,0.2132745200768903,68.75,1
0.21655714285714517,195,2.480428931163062,4.360278284730052,0.21507902341610122,31.55,1
0.2454857142857167,196,2.60799882062741,3.5752491252726597,0.2195081885290453,17.25,1
0.25870000000000254,197,2.427104936408496,1.8197010228834218,0.23020977086232203,31.51,1
0.2829928571428602,198,2.424832790814855,2.870349329392732,0.24412008722352266,25.12,1
0.5763357142857168,71,2.6368870515872596,1.5038861802670858,0.4754629801036694,113.74,1
0.8404857142857135,95,-2.6510897967177716,2.0247490382833737,0.828438033652614,126.91,1
0.8837071428571416,96,-2.7377055973709474,1.4636258629950816,0.8246604358770974,128.72,1
0.9677428571428562,97,-2.5148728037053103,2.080764788928399,0.8505789440496534,181.66,1
0.28049285714286043,201,-2.65990091522183,2.2338440101832733,0.21837473917844685,-559.35,0
0.7024999999999986,32,2.0152776790200884,4.126030672990621,0.7906730279783909,105.28,1
0.2877571428571457,173,1.807122763278407,2.0074387986077196,0.24037407225730567,25.0,1
0.22107857142856346,211,1.5697088286194745,2.533178348680669,0.18305412792005307,31.4,1
0.22826428571427876,213,2.8986154625433884,2.352039068163349,0.18135636760362606,10.25,1
0.2115857142857099,215,2.7414097047499117,1.2182366068878503,0.17359350006556706,10.78,1
0.19649285714285522,251,1.6507855083375562,1.6234717864391266,0.17058539450964194,25.39,1
0.43312857142856637,52,2.186642252358595,1.0369890049862764,0.36302274415661734,191.02,1
0.4684714285714234,55,1.8264867103176612,1.5137848356813057,0.39641107175808127,85.42,1
0.5425714285714227,59,1.879404654725555,1.4788290208784052,0.46846587974422327,11.87,1
0.5497071428571384,60,1.950113231465265,1.032458802110627,0.46669402889950545,13.59,1
0.2996214285714233,138,1.5068292001796881,1.5366908914224744,0.2560447229997289,15.78,1
0.3165642857142806,141,2.2131189273411613,1.5139956760977022,0.2665241823608646,7.92,1
0.19010714285714617,238,1.5149970743567287,1.2881428639091856,0.2096613902730667,45.85,1
0.4234428571428615,104,2.7249703740858666,1.002454118043848,0.368484055876528,147.72,1
0.2662285714285681,148,1.7426896238420588,1.5862052377393787,0.27346430462491544,27.51,1
0.22168571428571227,200,2.4984719505208535,3.1658205146661778,0.15613044914167648,171.01,1
0.21584999999999713,201,2.6906397145577863,2.7463904060088944,0.1578652201115809,210.95,1
0.2165642857142842,202,2.6769939119349146,3.003672984386184,0.15732867304748702,214.93,1
0.20620714285714062,205,2.062377830331819,1.7712484817268717,0.15381223818446366,191.83,1
0.4846857142857114,56,-2.5354601637220116,2.5250868773026918,0.41227576419945744,57.15,1
0.30074285714285054,115,2.1026326133647726,1.05148588684518,0.32321414449787395,358.43,1
0.31645714285713616,117,2.399539011110288,2.219693917688046,0.3002446498279726,44.87,1
0.23555714285714455,191,2.008857043506158,3.641881423270278,0.17467217172320712,31.61,1
0.24627142857143067,192,2.582898542990535,3.0270878835446293,0.18339854234858344,44.33,1
0.2727000000000004,193,2.000464166998486,1.5396167385493338,0.23827435461727775,17.64,1
0.3854214285714233,207,2.3578206534398833,2.6595471533785022,0.4730127637996004,-571.66,0
0.4431999999999943,208,3.2581540989780144,3.3551746462991554,0.47532729767948817,104.71,1
0.5603571428571367,210,3.38638166584714,1.8383784236087777,0.5867969899763833,215.38,1
0.6111142857142795,211,3.154206086808384,2.034767837728616,0.5936371259969944,220.65,1
0.6608142857142789,212,3.025582947738414,1.016907853250877,0.5989974085403091,49.72,1
0.6988499999999931,213,2.8036670710710223,1.2050073969095374,0.5988768347353306,51.15,1
0.746707142857135,214,2.7797793264601185,1.679202645078033,0.6240410703069089,33.15,1
0.7960642857142801,215,2.4770816837181893,1.3264396723992213,0.6459923947199444,61.12,1
0.6392642857142883,31,1.6832396363386148,1.563902581818946,0.649605573720141,-1078.03,0
0.6642642857142879,32,2.2046922958640423,2.2236537340231504,0.6767342123768794,102.49,1
0.6674928571428609,35,2.5171521682322893,3.3797136694972734,0.6481534378235199,155.55,1
0.6346357142857195,37,2.4723474309418476,1.5788082168385276,0.6314462537191537,8.32,1
0.24759285714285845,153,1.9015162958782925,1.3994596145185743,0.22619683897429058,20.39,1
0.2000857142857139,127,1.725291459243491,1.3662515215611588,0.17540026918499366,18.9,1
0.21252857142856993,129,1.924194493992185,3.2661317657631925,0.19909286522190375,4.65,1
0.20516428571428744,188,1.6366302926282028,1.9435671875790883,0.1711756757410376,24.81,1
0.323200000000002,133,2.7887076860622257,2.3873708113518326,0.29772235206024106,33.07,1
0.27220714285714515,175,2.240531742582856,2.0798551452057032,0.21240036661912615,112.17,1
0.2676428571428581,184,1.7266522191480855,3.008831618820401,0.21281069986175444,13.6,1
0.26564999999999983,185,1.739103403822122,1.071469935328416,0.21374676098525164,11.38,1
0.24302857142857956,235,1.9262403139760012,3.277675276527906,0.2116839319892166,-227.84,0
0.258021428571437,236,2.039211696514172,1.8300082820040815,0.21651088881215153,-323.73,0
0.2887500000000074,237,2.4813021859290725,2.606611006037925,0.24924089301271904,-481.27,0
0.29080000000000644,238,2.537335946471402,2.904242087030402,0.25235353939425154,-412.45,0
0.30622857142857846,239,2.212890423333134,1.4399205401849076,0.2741900326018201,-320.11,0
0.37070714285714856,246,1.6532745848105521,1.5513605734983993,0.290731787484844,-671.32,0
0.509999999999999,142,2.055317162003839,1.0175165786286469,0.5570672933162273,-820.43,0
0.4657714285714251,151,1.72481126813795,1.7400360242846775,0.49788392842008034,93.99,1
0.9520928571428625,19,1.979195642902195,1.3449049607812775,0.6817100134857963,121.46,1
0.3380071428571471,126,-2.5804845442867195,1.387366563128761,0.343484221044907,54.59,1
0.25057857142857237,192,2.0881276456092124,2.5009165472571833,0.20372634325933914,58.79,1
0.25182857142857124,193,2.05892078863866,1.5788199167045975,0.19174526286849491,59.02,1
0.2487499999999991,195,1.8836290674043545,1.4432048397865667,0.18450324513319424,61.15,1
0.26943571428571594,196,1.509900780621539,1.8157972587308904,0.22775849303072254,38.58,1
0.2516999999999996,263,1.555298571282518,1.356126574306098,0.21076454953029625,88.63,1
0.3761142857142862,139,2.3391035327409355,2.1440018969610883,0.33871674574326605,6.67,1
0.3639714285714279,140,2.333054652925344,1.09699448698606,0.3374276715823009,7.25,1
0.26302857142856745,244,1.5695807244802003,3.9415030664178583,0.28774696106702924,48.69,1
0.2558714285714266,245,1.808215118774756,1.8084654790384256,0.27704856390657456,35.13,1
0.2592499999999985,246,1.9793614809960693,1.330541246282599,0.2681857795692752,62.81,1
0.2586142857142834,247,2.1665741959164846,1.720519333684102,0.269319372793967,65.38,1
0.24820714285714018,250,2.295960622813294,2.2247658463088,0.2511352067856748,65.72,1
0.2579214285714236,252,2.211603812504068,2.020982322987048,0.23933454341501023,31.35,1
0.28014285714285286,256,1.7263361471474283,1.7612790164693817,0.23701683060852413,7.89,1
0.4137714285714326,152,1.9128968293893014,1.2603766123266251,0.4108721209749576,38.84,1
0.3411785714285673,175,2.154645523277706,1.0352481745904072,0.342199931695659,27.76,1
0.2782142857142844,216,2.220508605453685,2.78344293333751,0.29019072653877453,40.28,1
0.2666428571428554,250,-2.9057878011573886,2.8617987807294125,0.2812867147977244,72.06,1
0.280699999999998,251,-3.046783007679945,1.3477313573339504,0.2824682673558049,37.45,1
0.310692857142854,253,-2.971599137895796,2.5950843701777524,0.2906750456610544,3.75,1
0.5438857142857155,58,1.6494436914280093,2.1089238333390257,0.47111606171475917,68.4,1
0.5563571428571399,62,1.6570477544038624,1.1321896641965927,0.4986580023522119,20.82,1
0.32432142857142715,118,1.6894305732638706,1.585840505052309,0.3108198853722262,71.34,1
0.248264285714289,155,-2.506626667587691,1.8108113566420398,0.24302719703119371,-305.28,0
0.26969285714285923,156,-2.7781083734058356,2.08934368997539,0.2421187078198439,-357.22,0
0.2918428571428596,158,-2.751907210484813,3.044586621287729,0.2543016674683083,54.14,1
0.20084285714285752,244,-2.6408245526192364,1.1678955188933364,0.1905770520923994,26.05,1
0.38731428571428034,96,2.3548054244276546,1.0962436989281865,0.36394410438336816,58.8,1
0.3815999999999958,97,2.5073420858461257,1.4842771563975719,0.33751578086547174,62.19,1
0.3220571428571414,106,1.5482880812173967,1.3530538266069212,0.3502577967512759,8.96,1
0.19949285714285736,186,1.6788109770546065,3.393314015529308,0.2165071334426823,12.05,1
0.20100714285714258,187,1.8947180413496711,1.1417916979700615,0.21599577831637531,14.47,1
0.30063571428571223,88,1.9953978458319446,1.9436348600288451,0.28371414173366194,26.49,1
0.2940642857142827,90,1.6933405238750672,5.2608071322667405,0.2843320057468423,13.64,1
0.36287857142856694,54,2.2492660862919016,1.785024930918463,0.39623703874806154,4.84,1
0.37504285714285246,55,1.9621060412862081,3.877471042219326,0.4568476395423922,-669.45,0
0.14485714285714227,229,2.2968392585337902,1.5965761175524757,0.14194318257525557,16.78,1
0.14270714285714195,232,2.075689867040436,1.4941850126349419,0.13519232260132874,17.94,1
0.2933428571428505,46,1.8584640142050517,1.8209062712729631,0.305762632595093,40.3,1
0.17040714285714792,100,2.1163325205851145,3.715146791229305,0.15559094356349526,14.4,1
0.18103571428571488,105,2.2686947249744853,1.1159156936381944,0.14068650711076522,10.22,1
0.133507142857137,166,2.4620768596501112,2.099031047320892,0.1213960989501884,36.61,1
0.14346428571427947,169,2.187373349632224,3.367242430886786,0.11854738707599538,60.52,1
0.1504785714285666,173,2.273494354779242,1.5008894481717403,0.10375424890624782,13.99,1
0.15694285714285172,174,2.2254228972654264,1.2898932858405914,0.1039554627218976,13.16,1
0.1677214285714257,178,1.7552120031110228,2.201926534964822,0.11284101039262058,16.33,1
0.37838542857143204,44,2.022129931178241,1.9002833441931724,0.3339694784783644,-521.84,0
0.34183571428571774,50,1.7867089850328974,1.7718403574317294,0.32338245621092065,-580.21,0
0.3351428571428577,53,1.761107450328566,2.927621174214938,0.2923365370392185,192.7,1
0.32277142857143054,54,1.7979157604712621,1.2709461626758451,0.29337759874133,261.42,1
0.33348571428571666,55,1.6824126520728087,1.0261399090301226,0.3155330460281751,188.98,1
0.30318571428571367,65,1.5339268472491083,2.219079733284332,0.30583229743269885,91.2,1
0.31318571428571473,66,1.5964538734434937,2.8343937727027355,0.2995964868896695,47.33,1
0.3231857142857158,67,1.644878253051846,2.071247680567049,0.30029155873551877,60.31,1
0.20922142857142895,126,1.6281918022040318,2.0321355055914725,0.21074794843939598,16.23,1
0.21136428571428617,127,1.8852268712002704,2.281977747907029,0.21289684242173668,10.47,1
0.13992142857142856,160,-2.5427201224694955,1.0854727625050724,0.12952920689332822,12.85,1
0.13242857142857442,180,1.6293869007642026,2.678757664760616,0.15275484465231623,14.81,1
0.13956428571428603,187,1.6285633258403307,1.144951528551997,0.1443930749466686,7.66,1
0.2996857142857173,60,1.9388098267930474,1.3580695082859557,0.2918209806891876,11.72,1
0.22480714285714093,114,1.8108464693888744,1.180273358446218,0.2685832723922871,129.13,1
0.2159499999999984,123,1.5559994546516662,2.809957047757043,0.22021684569930236,28.04,1
0.22540714285714053,124,1.5521688403744223,1.162921098214397,0.22345819340130926,19.36,1
0.15248571428571317,196,1.5316298043812833,2.29019274516302,0.19215442569196955,66.43,1
0.16722857142857656,205,2.006860707493323,1.2944086611452734,0.17893500247902192,16.86,1
0.16826428571428462,80,2.2838070604672596,1.4623677548447667,0.1424162953106109,-341.06,0
0.17200714285714216,81,2.7587711136966377,2.474168441023844,0.14252760167469067,-277.82,0
0.17593571428571206,82,3.2018967642603378,2.245748153564846,0.1415545638699786,20.83,1
0.17950714285714145,83,2.996141233693737,1.524071111243264,0.14374531111453376,-263.28,0
0.17976428571428268,86,2.39611190630331,1.4043710854822828,0.13862466810180307,20.47,1
0.1698071428571402,88,2.4844357790158784,1.2095101716867693,0.14467622703350866,11.49,1
0.17444999999999514,89,2.494648621069637,2.3433851640181556,0.14418571133385882,160.21,1
0.20444285714285115,94,1.7977147721148132,1.179014247403708,0.16910867715996128,11.02,1
0.1871500000000026,112,1.5741539987573328,2.9032890025536373,0.20306989232318748,31.75,1
0.20500714285714544,113,2.1110013214860133,1.2784291556902858,0.20328269999351342,26.99,1
0.5919857142857126,19,1.6750270578294317,1.2225385146897811,0.5478270077510793,60.81,1
0.5920571428571415,20,2.010016633753711,1.7201065295152915,0.5607479363616737,40.98,1
0.5863428571428528,22,2.47738701361934,1.6596914085771328,0.5628201626105066,66.07,1
0.6605428571428514,26,1.642902626764087,1.0414716713308376,0.636268025548809,21.46,1
0.210957142857144,85,-2.6640206167751908,4.319276153690031,0.18411394033950246,60.3,1
0.22273571428571667,104,2.022413321492574,1.5874408446689359,0.19343894233770065,65.34,1
0.21682857142857465,105,2.292217967688102,1.476762962499215,0.19584571850629917,81.54,1
0.23075000000000248,107,2.4563402222445707,1.7340068889023725,0.19912211738007285,4.84,1
0.1368928571428581,177,1.756294917856076,2.402510646925791,0.16354751119497896,141.01,1
0.16334285714286118,187,1.6079660465434629,2.1091418305764544,0.15467105531849032,13.48,1
0.1707142857142888,188,1.7408511828470232,1.5912281173460954,0.15539703645812555,17.28,1
0.2986214285714368,199,-2.509103730203224,2.308671432816431,0.21483579152491875,40.8,1
0.23710714285713713,228,1.5637782397285915,1.3286881355717195,0.25247040646290897,35.75,1
0.5792928571428584,50,1.9178954121571548,1.583186512448017,0.5529512937020234,112.3,1
0.46903571428571567,62,1.5255878455674554,1.0710196582933884,0.451569455605667,49.93,1
0.4490214285714294,64,1.660368565362359,1.363681530246282,0.4456200930437682,56.08,1
0.3027500000000032,147,-2.9768591371983013,2.1896164236316915,0.34391677585177943,65.81,1
0.30703571428571763,150,-2.7870379188383034,1.804009511918567,0.3368209930877342,71.52,1
0.32312142857142995,151,-2.584836518586808,1.389242965253277,0.336176207334457,64.24,1
0.24157857142857,212,1.785886853360609,1.594920476057389,0.23000900598786522,29.29,1
0.23799999999999955,213,1.7683249687971376,1.5380939823446165,0.23149263488796007,23.47,1
0.5342714285714274,99,2.6200043603777248,1.6446432190561897,0.44661253763601677,15.11,1
0.5428428571428563,100,2.69218641935109,1.006155224038569,0.441522396969493,16.14,1
0.3081500000000038,188,1.7937900747910858,4.979904482321161,0.3826501618429191,84.77,1
0.34815000000000396,189,2.00897696216803,1.4746727848975392,0.4264843583142611,47.4,1
0.2229642857142835,224,1.9580117958622236,2.69179076159893,0.24242397086955259,150.65,1
0.22474999999999618,225,2.0201214805519228,2.372509035095162,0.24234244807142152,151.64,1
0.25949285714285153,234,1.6168512583076664,2.11310443416561,0.20294112838983847,17.6,1
0.412871428571421,68,-2.807511931350707,1.4105059413442607,0.3785577359795263,81.6,1
0.44998571428570855,69,-2.8390791334626067,4.218319763272133,0.37795191277092677,81.69,1
0.20128571428571515,178,1.5144191846568889,1.1132983134508538,0.171218112396349,36.9,1
0.15356428571428588,260,1.5863669577138468,2.164749333861797,0.1641893683679066,19.7,1
0.15927857142857046,261,1.7424015667295976,1.4219050973571452,0.16426657886841917,18.25,1
0.2087928571428575,169,3.4795365382709735,1.4441639705759455,0.17744004336237337,28.95,1
0.1768357142857074,215,-2.7491780264483476,2.2488811477839215,0.15466226076895115,26.95,1
0.14727671428571756,265,-2.6472976068062803,1.6052136793396992,0.1345190459447222,78.72,1
0.14853385714286155,267,-2.5820652829532498,4.592162345754102,0.12342760318899343,81.37,1
0.5392571428571407,38,-2.5637651801595873,1.7744700100577255,0.5417416728246379,60.6,1
0.5510428571428544,39,-2.5430642005440913,1.1744640721051653,0.5412336664056768,62.31,1
0.3788785714285723,61,2.2854234607937833,1.1217574193844306,0.48968719092963703,36.18,1
0.28294285714285444,99,1.7875113017465813,3.951186199505555,0.31310566882641533,10.28,1
0.12718571428571376,195,2.224744200515461,1.3985698235497719,0.146396898818394,91.04,1
0.1384714285714312,197,2.650955147660522,2.159656906007698,0.1495728876502034,31.13,1
0.15112857142857397,200,2.1551389099095872,1.3987785851006302,0.16176899617515003,20.77,1
0.1596714285714305,201,1.6727917725798427,3.1068759314496135,0.163439966301617,14.65,1
0.30162142857143287,101,2.2474697290178027,2.18144986849774,0.2814804823075317,182.76,1
0.29370000000000324,105,2.8399369407835935,2.1192770151861247,0.27915657819648315,62.39,1
0.30841428571428814,108,2.246026412775924,2.722586768126896,0.2538486035173715,42.18,1
0.3073428571428585,109,1.6623164408886604,3.3168692127888315,0.2743329161656012,24.79,1
0.19718571428571505,161,1.6137720654432037,2.3361071221412875,0.20571026095790323,6.19,1
0.13761428571428627,262,-2.6664852060373456,2.7344656849445497,0.1405548072377632,112.04,1
0.14684285714285952,264,-2.7648626270900163,1.6977952606670608,0.1447602461401576,115.21,1
0.3685071428571405,117,-3.166965413984601,3.059468966609445,0.3521720153570345,57.57,1
0.3365571428571436,137,1.8451605427385145,2.1004049111038112,0.3326253438586051,-523.8,0
0.34576428571428963,141,2.0071491378241717,1.1711067613367858,0.3428417128996269,36.43,1
0.3557642857142887,142,2.0363120158284627,2.6188590532215663,0.34510743574428315,156.36,1
0.358621428571431,143,1.8488762827868415,1.128770809623594,0.3536106481589874,287.14,1
0.4040714285714334,148,1.5821907901506855,4.750217978261975,0.3443545391760052,68.4,1
0.4183571428571489,149,1.5599953587731779,1.4300121499126877,0.3424784380578617,131.18,1
0.34770714285714427,205,-3.178061805568286,2.6419246026559486,0.3308181570494251,25.46,1
0.7028357142857179,41,1.9899692924203776,4.017676610218964,0.6501915097677425,-1024.79,0
0.7177000000000037,42,2.305089413642439,1.5764080870085582,0.6420041010488999,-819.22,0
0.6746928571428624,48,2.50259328387828,1.2624852503754143,0.6140757923506313,149.36,1
0.6625500000000061,49,2.40293569661068,2.2933470789592656,0.6145822406583062,78.72,1
0.6528357142857187,50,2.2781094285006844,1.5215819611092263,0.5863981721382137,190.66,1
0.6396142857142897,52,2.038461731197128,2.4094609388486816,0.5631672077666078,325.23,1
0.6381857142857176,53,1.9186241884647441,1.2710290334199938,0.5585056247337542,300.13,1
0.6649714285714319,54,1.8496416186878635,1.5810198736221415,0.5669237662870278,78.61,1
0.6671142857142891,55,1.8400315636559719,3.0677117608753193,0.5513706720530285,17.01,1
0.6581857142857176,56,1.756772788851533,1.673935847207617,0.5587360372242527,11.23,1
0.40088571428571484,112,1.8078152169300994,1.169852498685707,0.3572160469134663,105.19,1
0.40222142857142884,113,1.848838253352237,1.3758321636158748,0.35997256459305743,165.58,1
0.40364999999999895,114,1.8211719604176673,1.7268784153079395,0.35308083228444354,161.29,1
0.4129357142857129,115,1.822843961070366,2.0395368002389644,0.35383789477490807,170.08,1
0.3961285714285704,117,1.8148549793806779,2.0299852490564936,0.3318873180084232,212.7,1
0.4095928571428565,118,1.8972228021042141,2.426731331210217,0.34203242880353046,146.55,1
0.3949499999999984,119,1.980651786899337,1.8696409246890369,0.3365793364110801,132.97,1
0.40342857142857114,120,2.0491588304691453,2.167038261149264,0.33984602555516025,10.61,1
0.41362142857142964,121,2.0778267367202106,3.6199635650301802,0.33944524774933266,23.01,1
0.4189857142857148,123,1.8500931054315393,1.4449121152620779,0.3428411370362885,8.96,1
0.4505142857142853,124,1.6598143523732256,1.864628655021787,0.3488981529666123,89.69,1
0.33580000000000404,195,1.7123974413712388,1.4492105678264544,0.2982291326351342,50.98,1
0.3479500000000034,196,1.8125677921986316,2.0360558821599146,0.2998162251445886,61.31,1
0.35097142857142877,219,1.705886467508934,1.8473579043919564,0.3547211247954349,89.49,1
0.34987857142857187,220,1.7181968739072013,2.3936084341702126,0.35552882976977374,208.32,1
0.27038571428570685,146,1.8065754402704008,1.6889774062532121,0.17483310496391485,50.51,1
0.3479357142857132,150,2.4519133511867057,4.038186310024281,0.2112050385079012,57.24,1
0.35900714285714386,166,-2.6208556652344677,1.8810318100921557,0.3164865922026492,45.0,1
0.3185500000000019,186,1.6306473883218697,1.1680468570399236,0.2880828055883496,148.85,1
0.3262428571428525,196,1.8786437322036706,3.3730271867240282,0.22108751327936343,69.46,1
0.3481071428571393,204,1.7857742430744221,2.1647816121043126,0.2718831116346048,88.43,1
0.3566785714285682,205,1.9565699187305696,1.183189653905563,0.26551117869921637,71.25,1
0.3879499999999995,216,1.5467757557688222,2.9351279099277923,0.3214804289615412,23.31,1
0.3915214285714289,217,1.9138386982781521,1.5715355070241512,0.31282875267994886,27.9,1
0.2788642857142816,251,-2.7031023856663876,1.7615674156740977,0.23646157477254592,-563.0,0
0.5349285714285698,88,2.104665348705953,1.374614240523528,0.4322642587519272,98.13,1
0.5334999999999995,89,2.65209547324425,1.74572394933429,0.4278111889416992,55.49,1
0.5406499999999994,91,2.8816397735460986,2.6325644417807528,0.4442335033883799,27.68,1
0.5431571428571422,92,2.63967837901135,1.8313193161470558,0.4479913463321645,19.73,1
0.39587857142857225,161,1.6459985619480975,2.772514344980319,0.35655889872463986,126.54,1
0.32776428571428695,175,2.059040717362772,1.145912207703631,0.33960091459619507,249.87,1
0.3213357142857173,176,2.011050807668292,1.7690186102585412,0.33145651424842165,250.22,1
0.33295714285714595,177,2.1019042448366654,1.9952735464950269,0.32578691864216874,153.8,1
0.3411642857142872,178,2.129045552779336,3.767534357559157,0.3216859541151791,75.79,1
0.3602714285714309,179,2.1887473425784165,2.850678300109891,0.31225645945659875,43.59,1
0.37182857142857373,184,1.5837668088992123,1.106211504558424,0.3147643146862205,50.0,1
0.21434285714285092,259,-2.7586900137826884,1.0731461243499327,0.19706522466733178,8.73,1
0.5081785714285749,127,1.659418100478338,4.012469202263472,0.4142647685201825,58.06,1
0.5024714285714315,128,1.8540024285660817,1.5423730354718999,0.42427482798351285,38.64,1
0.3173499999999966,220,1.8015020554261845,1.2307667983656774,0.27907113064283234,43.67,1
0.858857142857145,30,2.365613602448173,1.6737377735352668,0.8196763290519058,231.31,1
0.5126571428571367,130,-2.552382397420623,2.2362771761576608,0.3679258590997133,-796.24,0
0.5389785714285722,202,2.19701276623997,1.1876375889174169,0.4856301432485514,450.78,1
0.5189785714285721,203,2.448969412491177,2.013480895626378,0.4850191926006479,365.1,1
0.5053999999999986,207,2.2979248455509023,1.6448694334678056,0.44162748035735117,120.5,1
0.5032499999999983,208,2.2943474216706634,1.514539847666815,0.43946802518553263,135.41,1
0.51495714285714,210,1.995264495834479,1.0507281617399518,0.41881901393389215,111.14,1
0.41497857142857086,263,1.5893032889924466,1.237916862371077,0.2718827084679511,38.42,1
0.602885714285713,68,2.7872994900273755,4.225383283054153,0.6434821737636182,27.34,1
0.5935999999999991,69,3.032743360387825,1.5419068005269896,0.626679046261442,33.78,1
0.42421428571428316,141,2.376641248512626,1.2694052151550361,0.3614103669675283,81.85,1
0.4384071428571405,142,2.666603947475469,1.6114811164118241,0.3669046354245648,71.57,1
0.44198571428571093,143,2.5273312925330855,1.3856740466511062,0.36320743223439617,56.41,1
0.44880714285713047,133,1.6977549932955038,2.106198654911256,0.34059447015458816,33.0,1
0.42897857142856666,218,2.339428690427506,1.2365236272613014,0.30770049874183947,387.9,1
0.4248571428571373,219,2.9611852813314887,1.1046236643145004,0.3070461060137673,388.23,1
0.43557142857142545,220,2.9931640810230005,1.8043171008634813,0.3041176695585301,355.41,1
0.41154285714285216,227,2.1419403243434894,3.105130272190175,0.29332898569831656,131.3,1
0.42475714285713806,228,2.1361863511380115,1.620113584643204,0.3010488068125023,42.91,1
0.423335714285709,229,2.0761202966227734,1.111406930404028,0.29758293022588056,45.01,1
0.42119285714285376,230,2.0131874331108204,1.320476569392426,0.28466491909399333,51.89,1
0.39369285714285446,233,1.712024176179739,2.26872339271698,0.2881655861637041,61.05,1
0.4827785714285702,76,1.7492191976360147,1.3332711701764814,0.4228476317499756,358.48,1
0.45739285714286176,87,1.9496431560916587,1.9824108630154331,0.38566776611976356,56.36,1
0.416321428571434,90,1.6825179240930874,2.2668910957130004,0.36822041122695814,74.18,1
0.2434428571428628,156,1.7335220295404916,1.3404340204813205,0.24268417686047658,18.28,1
0.2521999999999979,221,-2.599746052597905,2.367094039044797,0.21750708397325205,21.08,1
0.2163571428571426,243,2.656362987540469,1.4250823432210962,0.25781314266443844,48.73,1
0.22422142857142546,244,2.7528760508045473,4.48727818461906,0.2609949327073154,27.19,1
0.851778571428572,22,1.770866475511245,1.0612338213085317,0.7498001045273914,339.65,1
0.22175000000000417,149,2.459836857474662,5.022907870060095,0.1557362307514646,28.22,1
0.28040714285713925,98,2.1176426609265278,3.3335394637961246,0.18838580418174516,183.58,1
0.2675642857142821,100,1.8577454876040471,1.4032715853021758,0.17913357504930896,218.81,1
0.275428571428569,101,1.9146723965971182,2.763657766457925,0.1906441889204411,34.45,1
0.25419285714286033,105,1.7173191310267013,2.3748522271825108,0.1926762999646547,41.4,1
0.24262142857142927,203,2.1231423598919625,1.464433192561622,0.1849364429761054,124.24,1
0.2513928571428587,204,2.7951979512543756,2.599595125619397,0.19235223458671985,69.13,1
0.2816642857142832,214,1.87615883100978,1.309369463164565,0.22016430809889087,16.84,1
0.29054285714285505,215,2.0720137484457277,1.5207459763757392,0.221369509398615,11.83,1
0.2217571428571432,230,1.7713388159839039,1.619658445427713,0.22791476606421002,19.8,1
0.21962142857142908,231,1.7706321795072772,1.0457275724017392,0.22999726468268172,13.85,1
0.20551428571428484,235,1.5323383548074392,1.2715839526008008,0.2304672584799021,10.44,1
0.7143071428571395,101,2.4049954871534713,1.0334429125713602,0.5454973907385998,-1221.26,0
0.6689571428571425,105,2.761443605424466,1.1264600205761333,0.5618190922236477,81.05,1
0.6880285714285707,107,2.5045755959722293,1.118926400578817,0.5586541410237764,67.47,1
0.6180357142857146,110,2.1130875074634825,1.9382632192495473,0.49445297306420355,27.94,1
0.39115714285714126,160,1.6094392889755986,1.591952882041983,0.37170386578189035,-512.68,0
0.4072285714285694,161,2.2072151988958173,1.25745305980694,0.3809224540938903,-764.66,0
0.4234571428571416,162,2.5247838514160605,1.148453861087544,0.3544175159986401,-467.04,0
0.43905714285714176,163,2.7984510279324386,1.2503103795574202,0.3571337474812493,47.21,1
0.3808642857142835,166,2.395916333722453,1.406050018867342,0.3127841890164615,-497.09,0
0.39729999999999727,168,2.1384139377402236,1.427211321068635,0.3064979453491175,136.3,1
0.394442857142855,170,2.082250746058355,1.1519643878845887,0.27669623440462643,223.83,1
0.39015714285714054,171,2.103802571231993,1.8127278888245608,0.2803570454997703,334.43,1
0.43222142857143,174,1.8600937968029283,2.033330065655179,0.24570350572585892,44.34,1
0.3800142857142857,198,-2.6219403965580304,1.1163215554733559,0.3345092971520525,42.1,1
0.2713785714285685,265,2.320736452432829,1.4976702073008563,0.2059986003500068,60.53,1
0.49274999999999886,133,1.9802536850293504,2.7302005246980396,0.4497738533482089,109.13,1
0.3473308571428585,211,-2.506116549736225,2.0819612340861076,0.3363259865858505,-539.11,0
0.3649000000000037,261,3.2157968691688184,1.0652580705204395,0.31512064355362385,46.61,1
0.3956071428571469,263,2.744760277320792,1.23394995745178,0.32224142854249666,74.54,1
0.4078000000000027,265,2.3734017178016127,1.2911795406151254,0.3179703459294453,273.11,1
0.4327071428571462,268,2.0774713668708396,1.1453178777566873,0.31016378969313996,44.69,1
0.4284214285714297,269,1.9298556237470734,1.0662956400619787,0.31213581296129517,101.64,1
